#"Progress (%)","Step","Potential Energy (kJ/mole)","Temperature (K)"
0.1%,50,341.23236083984375,27.4845945365109
0.1%,100,358.8640441894531,58.864339566454746
0.1%,150,386.6165771484375,75.02299115604863
0.2%,200,418.80865478515625,106.11151947820898
0.2%,250,438.72772216796875,138.36166530397517
0.3%,300,486.59344482421875,135.44277447191314
0.3%,350,471.7994384765625,165.50791171359307
0.4%,400,523.4066162109375,161.28098850962664
0.5%,450,510.4681396484375,201.15272888332623
0.5%,500,513.9459228515625,214.12892314414324
0.6%,550,579.0892333984375,200.01619047859458
0.6%,600,581.4691162109375,214.7167681951591
0.7%,650,579.744873046875,247.2144721546236
0.7%,700,605.1774291992188,234.455173485558
0.8%,750,594.7194213867188,233.58503059735966
0.8%,800,596.9234008789062,243.31550072559165
0.8%,850,637.65673828125,251.40723929617099
0.9%,900,622.1136474609375,276.19273005124586
0.9%,950,648.3115234375,298.6103428085708
1.0%,1000,671.7584228515625,274.1877031648617
1.1%,1050,671.5343017578125,280.24636992393584
1.1%,1100,682.4342651367188,260.29130771178677
1.1%,1150,670.9052734375,294.17140788940253
1.2%,1200,689.359130859375,297.75045599868656
1.2%,1250,653.219970703125,317.5368195034228
1.3%,1300,705.009765625,284.300449738502
1.4%,1350,659.2991333007812,322.3231604924302
1.4%,1400,705.8922119140625,291.8856247712688
1.4%,1450,706.2005004882812,288.84259319228346
1.5%,1500,685.8319091796875,296.11756094902944
1.6%,1550,670.6131591796875,306.64010366991295
1.6%,1600,705.4832153320312,281.89271163061966
1.6%,1650,705.8667602539062,296.52910243118487
1.7%,1700,715.971435546875,280.76831273735195
1.8%,1750,645.0380249023438,334.66937538916517
1.8%,1800,712.55322265625,271.15399365846645
1.9%,1850,700.5432739257812,285.7212656355164
1.9%,1900,705.0004272460938,289.89721433166335
1.9%,1950,719.3184814453125,290.02318798349455
2.0%,2000,723.7499389648438,288.69406722804825
2.0%,2050,713.5023193359375,306.3877016360759
2.1%,2100,699.8458862304688,331.0444303303155
2.1%,2150,718.0472412109375,298.3559523553332
2.2%,2200,731.28662109375,283.52068885498124
2.2%,2250,744.1766967773438,280.5576595647173
2.3%,2300,698.7615966796875,317.4317635623016
2.4%,2350,746.952392578125,246.47641878407615
2.4%,2400,719.42333984375,268.98661882807437
2.5%,2450,716.1669921875,277.81331985248517
2.5%,2500,714.233642578125,310.9882489020869
2.5%,2550,760.7498779296875,271.0038963568511
2.6%,2600,703.8137817382812,309.34680180347027
2.6%,2650,735.8662109375,291.0097844570877
2.7%,2700,708.125244140625,310.59082753093315
2.8%,2750,719.25634765625,304.4456247488774
2.8%,2800,749.211669921875,297.10248185640853
2.9%,2850,699.6788330078125,315.5155085215981
2.9%,2900,692.600341796875,303.0057651585972
3.0%,2950,664.7196655273438,331.2179239347933
3.0%,3000,698.5572509765625,314.2363169552983
3.0%,3050,717.68994140625,311.3762523514082
3.1%,3100,706.8994750976562,321.41533109793306
3.1%,3150,679.3387451171875,334.7913076617406
3.2%,3200,724.7179565429688,289.85689297730426
3.2%,3250,668.628662109375,303.8464388085169
3.3%,3300,695.2070922851562,286.46730402479096
3.4%,3350,703.1004638671875,311.556327844793
3.4%,3400,700.3472290039062,302.77687860210574
3.5%,3450,658.0184936523438,309.93574646414953
3.5%,3500,670.8631591796875,296.967346700371
3.5%,3550,679.472900390625,319.5098224296423
3.6%,3600,679.3353271484375,314.5061428036649
3.6%,3650,696.2872314453125,292.9040036957119
3.7%,3700,661.856201171875,307.72740235357344
3.8%,3750,635.903564453125,307.696357485441
3.8%,3800,702.7974243164062,257.562272869615
3.9%,3850,651.8460083007812,319.8020544396201
3.9%,3900,689.5286865234375,307.88169403132616
4.0%,3950,708.98583984375,320.8595553394171
4.0%,4000,724.55859375,318.10770845751665
4.0%,4050,712.26025390625,287.0360488676386
4.1%,4100,660.74609375,316.65799263037394
4.2%,4150,660.9600219726562,303.4610058348199
4.2%,4200,632.599853515625,319.5201413548909
4.2%,4250,684.6110229492188,268.18113359948336
4.3%,4300,724.64111328125,251.5757462437584
4.3%,4350,678.6393432617188,264.70485344819974
4.4%,4400,632.6988525390625,272.6130380842525
4.5%,4450,667.4103393554688,278.6415214422477
4.5%,4500,664.7607421875,294.4560895036091
4.5%,4550,659.6128540039062,299.5636925924176
4.6%,4600,680.0514526367188,287.8985826309189
4.7%,4650,629.7075805664062,297.38110586889087
4.7%,4700,633.478515625,310.06627728714864
4.8%,4750,628.994140625,325.92764815936107
4.8%,4800,672.1747436523438,306.0892065043637
4.8%,4850,683.4561157226562,310.8408851167523
4.9%,4900,685.9393310546875,305.2190179777963
5.0%,4950,662.3348388671875,330.1927344802151
5.0%,5000,674.7969970703125,353.5381678951903
5.0%,5050,709.4166870117188,301.25287817979404
5.1%,5100,698.0264892578125,345.29171580164564
5.2%,5150,701.5296630859375,330.9126973230016
5.2%,5200,692.0577392578125,342.71538263512036
5.2%,5250,728.15771484375,339.845367092585
5.3%,5300,696.987548828125,344.6584022530057
5.3%,5350,714.1763305664062,315.68306742191214
5.4%,5400,707.2484130859375,333.6111661738799
5.5%,5450,724.5968627929688,334.7911030738332
5.5%,5500,718.591552734375,336.7608492913767
5.5%,5550,760.2498779296875,290.31812878835865
5.6%,5600,732.560546875,293.77567674208007
5.7%,5650,704.5286865234375,295.35114216166477
5.7%,5700,683.736572265625,319.66118580295495
5.8%,5750,671.963134765625,323.23863416239044
5.8%,5800,709.3861694335938,282.7256979923301
5.8%,5850,697.2225341796875,284.85150629630516
5.9%,5900,693.18896484375,292.9072538943362
6.0%,5950,752.604248046875,270.81672230688395
6.0%,6000,682.429443359375,321.6038196929461
6.0%,6050,743.7884521484375,297.3415134362938
6.1%,6100,719.1356811523438,311.98049515373873
6.2%,6150,720.7427368164062,316.11999838852284
6.2%,6200,667.635986328125,318.1841581614987
6.2%,6250,696.1693725585938,296.47416479507706
6.3%,6300,686.4254760742188,307.3390151312403
6.3%,6350,642.9179077148438,329.2068829288161
6.4%,6400,668.9385986328125,295.5563460356948
6.5%,6450,668.1309814453125,287.62754497017517
6.5%,6500,645.4666748046875,322.4514130057091
6.5%,6550,668.6240844726562,306.3009598783936
6.6%,6600,713.1343994140625,283.12553791301144
6.7%,6650,689.5397338867188,289.0152507125084
6.7%,6700,674.554443359375,303.7960705949288
6.8%,6750,716.7897338867188,294.75863385410895
6.8%,6800,666.2005004882812,310.9976092575677
6.8%,6850,653.2899780273438,330.0957464786372
6.9%,6900,711.9338989257812,297.7175371104429
7.0%,6950,702.3753662109375,288.45992546503487
7.0%,7000,733.3451538085938,267.3045845551016
7.0%,7050,675.1552124023438,286.5550211887655
7.1%,7100,673.9443969726562,275.61212488373957
7.2%,7150,642.5293579101562,310.02536292202393
7.2%,7200,697.7191162109375,291.1843069830959
7.2%,7250,714.7176513671875,299.1905106691583
7.3%,7300,712.5784301757812,280.96667224418
7.3%,7350,684.7650146484375,310.87716640266683
7.4%,7400,681.8818359375,315.41235015785406
7.5%,7450,687.5758056640625,292.18357124377576
7.5%,7500,646.927001953125,304.2858392729434
7.5%,7550,679.390380859375,278.18818708169977
7.6%,7600,662.8185424804688,285.90850629549993
7.7%,7650,643.8848266601562,303.3447959829852
7.7%,7700,658.3649291992188,316.3908817709103
7.8%,7750,641.4824829101562,347.88167314878535
7.8%,7800,674.9805908203125,312.4876537132054
7.8%,7850,718.5845947265625,286.3818124930576
7.9%,7900,737.400146484375,284.85837867593136
8.0%,7950,720.849365234375,314.7517956514688
8.0%,8000,714.3626098632812,308.38613041576355
8.1%,8050,722.3773193359375,281.039605200877
8.1%,8100,709.9697265625,282.2389384490077
8.2%,8150,656.3468627929688,284.37919329100214
8.2%,8200,660.3919677734375,285.1983846772528
8.2%,8250,656.8223876953125,275.0548225701181
8.3%,8300,644.8179931640625,281.10816185069586
8.3%,8350,623.1777954101562,278.2830155636647
8.4%,8400,619.7955932617188,279.23672127478426
8.4%,8450,652.4715576171875,277.1947558886359
8.5%,8500,648.4312744140625,295.0656484485185
8.6%,8550,702.888427734375,248.97290436561659
8.6%,8600,643.9163818359375,289.02159058937866
8.7%,8650,671.544189453125,295.75231233312485
8.7%,8700,678.9638671875,290.69065601271234
8.8%,8750,689.8411865234375,289.06449569816044
8.8%,8800,730.319091796875,293.7378440823215
8.8%,8850,651.896484375,321.03966427915907
8.9%,8900,708.4286499023438,312.98686740937563
8.9%,8950,737.0455932617188,307.84553975675925
9.0%,9000,711.2613525390625,300.9302509603666
9.1%,9050,678.8114624023438,299.95230497692825
9.1%,9100,687.510986328125,283.55789404750556
9.2%,9150,708.1329956054688,325.56631678368166
9.2%,9200,685.755126953125,308.5787402761804
9.2%,9250,686.3152465820312,281.4325240538933
9.3%,9300,703.7814331054688,268.06408987964033
9.3%,9350,692.16259765625,286.04734047035083
9.4%,9400,688.8048706054688,292.1223015499938
9.4%,9450,713.773681640625,299.0687902119545
9.5%,9500,684.316650390625,314.7200562293666
9.6%,9550,708.1564331054688,322.2236877160175
9.6%,9600,709.2425537109375,310.19214457207676
9.7%,9650,742.6924438476562,287.8815587045126
9.7%,9700,662.1320190429688,303.63746064336794
9.8%,9750,694.6146850585938,286.791307343056
9.8%,9800,663.2525634765625,278.75878261341757
9.8%,9850,647.5874633789062,279.1428575392687
9.9%,9900,645.6927490234375,274.6945074092336
9.9%,9950,648.1295166015625,273.468910205826
10.0%,10000,642.93408203125,273.01405048097047
10.1%,10050,674.70703125,259.4926581654395
10.1%,10100,688.4844360351562,253.25800714840418
10.2%,10150,661.1510009765625,286.8896083521768
10.2%,10200,669.9078369140625,287.78527442191574
10.2%,10250,688.42578125,295.1013254277543
10.3%,10300,669.9293212890625,296.04606561362505
10.3%,10350,668.09423828125,293.43895591390856
10.4%,10400,649.3896484375,310.23443465216343
10.4%,10450,655.87451171875,295.6966702922935
10.5%,10500,705.440185546875,259.78210428135736
10.6%,10550,643.4066162109375,321.032899012685
10.6%,10600,626.6204833984375,339.86711747450465
10.7%,10650,664.991455078125,307.1018015486181
10.7%,10700,669.6300048828125,310.54520939879853
10.8%,10750,678.9805908203125,300.116235991611
10.8%,10800,640.2320556640625,330.5055285349924
10.8%,10850,682.9228515625,316.2750102390722
10.9%,10900,707.4973754882812,307.81239444886603
10.9%,10950,673.4985961914062,344.570439800633
11.0%,11000,667.8333129882812,324.19067419372027
11.1%,11050,765.5983276367188,285.62417053945506
11.1%,11100,747.6322021484375,301.82160892908655
11.2%,11150,743.438232421875,299.6354094829349
11.2%,11200,736.3612670898438,303.3976584051156
11.2%,11250,721.495361328125,342.13414301477576
11.3%,11300,731.7984008789062,313.1256125557366
11.3%,11350,708.2420654296875,302.5856055638595
11.4%,11400,656.3704833984375,334.74111312864954
11.4%,11450,668.7642211914062,319.683769177453
11.5%,11500,671.9049072265625,322.08453960186006
11.6%,11550,724.7044067382812,287.6760656945795
11.6%,11600,688.9354858398438,312.17612278980107
11.7%,11650,661.84716796875,328.8637082738679
11.7%,11700,687.9940185546875,312.7831426612178
11.8%,11750,699.3914794921875,309.47579919293827
11.8%,11800,682.7825927734375,294.4915433915625
11.8%,11850,705.86474609375,299.4018539219358
11.9%,11900,670.969482421875,322.27119439719974
11.9%,11950,697.0125732421875,290.96036701774057
12.0%,12000,661.6075439453125,308.07953473424317
12.1%,12050,687.197021484375,282.94021221565663
12.1%,12100,670.772216796875,314.5402312302878
12.2%,12150,700.0304565429688,309.09590811339604
12.2%,12200,680.97802734375,319.08957464117333
12.2%,12250,642.854736328125,338.4411982130558
12.3%,12300,682.7149047851562,340.8308767215899
12.3%,12350,611.6024169921875,361.01244908135277
12.4%,12400,685.3147583007812,287.39365519096543
12.4%,12450,684.1688232421875,306.2264253016418
12.5%,12500,667.7133178710938,322.500115042786
12.6%,12550,630.4300537109375,312.11491135044685
12.6%,12600,693.2505493164062,270.7607720147072
12.7%,12650,646.9169311523438,295.2011223045946
12.7%,12700,608.7924194335938,341.7960060771852
12.8%,12750,656.8372802734375,306.14071568784544
12.8%,12800,606.63134765625,351.3020414909717
12.8%,12850,690.91845703125,282.90193081105065
12.9%,12900,606.8489379882812,322.88811703861353
12.9%,12950,632.9979248046875,292.7675798508148
13.0%,13000,593.243896484375,319.6697225502261
13.1%,13050,611.8732299804688,304.631902065233
13.1%,13100,656.4815673828125,256.8256507383227
13.2%,13150,589.3804321289062,289.2211282128659
13.2%,13200,652.8001098632812,275.5919354840575
13.2%,13250,653.4678344726562,275.3304371172051
13.3%,13300,640.663330078125,279.42539342338375
13.3%,13350,627.0794677734375,311.2870763104624
13.4%,13400,643.6956787109375,274.22790674755936
13.4%,13450,636.7830810546875,249.34257356795177
13.5%,13500,599.302001953125,288.85174325089355
13.6%,13550,619.4727783203125,280.95439754779994
13.6%,13600,616.5158081054688,275.30076907832427
13.7%,13650,638.0299072265625,271.25704754268224
13.7%,13700,632.9464721679688,277.73700839767406
13.8%,13750,653.8216552734375,281.74655603459564
13.8%,13800,649.8873291015625,273.5322269414769
13.8%,13850,616.2796630859375,304.9907107438934
13.9%,13900,625.774658203125,289.7323944282347
13.9%,13950,643.7655029296875,285.9261278451808
14.0%,14000,637.978271484375,297.79824873876566
14.1%,14050,645.6563720703125,292.85671291235167
14.1%,14100,646.2112426757812,301.80360205155546
14.2%,14150,652.8416748046875,290.2202214840122
14.2%,14200,659.1634521484375,279.2988023887644
14.2%,14250,680.7462158203125,262.9977372730434
14.3%,14300,618.5300903320312,315.1562442606691
14.3%,14350,626.9046630859375,302.5210005793976
14.4%,14400,615.1922607421875,353.3065850358576
14.4%,14450,648.033447265625,306.6217544026029
14.5%,14500,705.2979736328125,271.18895619487114
14.6%,14550,655.49560546875,300.4356716592185
14.6%,14600,634.095458984375,317.1830780505427
14.7%,14650,642.649658203125,316.5771194255563
14.7%,14700,645.2890014648438,294.57625566397974
14.8%,14750,620.0563354492188,311.2202818457483
14.8%,14800,619.8717041015625,318.217235365294
14.8%,14850,698.2433471679688,283.54187798497276
14.9%,14900,641.319091796875,311.59950407015623
14.9%,14950,715.1759033203125,279.82121196434923
15.0%,15000,671.0144653320312,299.4475961210932
15.1%,15050,673.37353515625,298.68706619416736
15.1%,15100,649.8414306640625,314.98422905264965
15.2%,15150,664.4944458007812,307.60374892575385
15.2%,15200,687.7591552734375,260.9214378211686
15.2%,15250,675.2236328125,261.81537550953266
15.3%,15300,619.4961547851562,298.5222346254516
15.3%,15350,642.04931640625,271.095646436481
15.4%,15400,572.7445068359375,332.32676778239653
15.4%,15450,650.2496337890625,257.12657908618075
15.5%,15500,647.73779296875,244.06090773453363
15.6%,15550,575.9649047851562,285.811251036433
15.6%,15600,599.578857421875,283.5537441289402
15.7%,15650,625.3724365234375,265.11252222204365
15.7%,15700,620.8473510742188,287.8108802285732
15.8%,15750,671.2821044921875,297.86059525002946
15.8%,15800,641.1007690429688,312.57947011748684
15.8%,15850,638.1858520507812,312.3037758589378
15.9%,15900,632.856689453125,337.5488224517002
15.9%,15950,659.3382568359375,289.0966187892631
16.0%,16000,658.0451049804688,282.8130655657311
16.1%,16050,587.1527709960938,314.52561830724295
16.1%,16100,623.89306640625,270.58701775613565
16.1%,16150,624.6595458984375,289.171841158572
16.2%,16200,607.1243286132812,264.718319246005
16.2%,16250,605.364990234375,298.16528550130624
16.3%,16300,636.7342529296875,261.5914142071564
16.4%,16350,613.8863525390625,285.23446072185453
16.4%,16400,619.461669921875,281.54932638976885
16.4%,16450,640.9019775390625,306.76094770908014
16.5%,16500,652.325439453125,291.4132504992056
16.6%,16550,628.3220825195312,303.20243661916766
16.6%,16600,682.890380859375,277.28362942820394
16.6%,16650,670.427001953125,282.59009818235637
16.7%,16700,598.6654663085938,308.2271942322065
16.8%,16750,667.2903442382812,268.08811565595846
16.8%,16800,625.5084228515625,293.73124934499685
16.9%,16850,595.00048828125,305.7314370030319
16.9%,16900,624.2879638671875,297.44760682221914
16.9%,16950,604.8434448242188,297.2098406249552
17.0%,17000,652.1875610351562,282.7209130750329
17.1%,17050,599.9044189453125,313.79874859435796
17.1%,17100,644.71240234375,287.6114339071602
17.1%,17150,623.48828125,302.907066214902
17.2%,17200,625.2091674804688,323.7863236660089
17.2%,17250,667.79052734375,316.574793754277
17.3%,17300,652.5692138671875,301.00348903222977
17.4%,17350,641.6598510742188,311.81384866476606
17.4%,17400,623.943359375,329.74791494585287
17.4%,17450,680.9732666015625,303.0364772166743
17.5%,17500,648.759765625,307.94565650222694
17.6%,17550,641.4031372070312,291.0491017019875
17.6%,17600,696.8070068359375,264.73996727996496
17.6%,17650,635.845947265625,308.45907673126794
17.7%,17700,678.1991577148438,287.41190240534837
17.8%,17750,654.2744140625,302.4512372671033
17.8%,17800,658.8424072265625,305.41757856014425
17.9%,17850,653.216796875,311.545355578122
17.9%,17900,649.616943359375,310.0684409898899
17.9%,17950,679.4251708984375,312.9663523377592
18.0%,18000,666.601806640625,309.8030126947457
18.1%,18050,682.1981201171875,311.20308383880075
18.1%,18100,652.93212890625,312.09632976950354
18.1%,18150,616.017333984375,334.4552740053911
18.2%,18200,671.5921020507812,300.772967949886
18.2%,18250,659.5032348632812,301.0476702053115
18.3%,18300,646.3509521484375,312.5085206296442
18.4%,18350,639.963623046875,309.73730228697895
18.4%,18400,674.3460693359375,297.1913002592262
18.4%,18450,610.2255859375,327.1348379170394
18.5%,18500,701.0736694335938,267.2024746923816
18.6%,18550,678.52685546875,304.80139595638565
18.6%,18600,662.658203125,326.93045970744583
18.6%,18650,601.2179565429688,340.91276076994313
18.7%,18700,670.7789306640625,290.8360349537075
18.8%,18750,646.2569580078125,309.38810671168727
18.8%,18800,616.7257080078125,320.59053554665667
18.9%,18850,640.1471557617188,306.1800877601282
18.9%,18900,643.2945556640625,311.66745780278296
18.9%,18950,654.8295288085938,341.43746564678975
19.0%,19000,598.0745849609375,368.29256923327654
19.1%,19050,658.600830078125,320.5577724009309
19.1%,19100,641.4130859375,320.2842176077822
19.1%,19150,673.438720703125,297.99369641630483
19.2%,19200,674.4607543945312,299.6980716196912
19.2%,19250,664.9061279296875,299.40254443012594
19.3%,19300,639.950439453125,319.63018074988236
19.4%,19350,683.884765625,301.04353850675653
19.4%,19400,651.0537109375,314.8742562436719
19.4%,19450,633.554931640625,326.1449578358023
19.5%,19500,648.7918701171875,303.77862097088473
19.6%,19550,633.07275390625,315.18624152854346
19.6%,19600,675.0810546875,261.5652927689379
19.6%,19650,633.6514282226562,283.6155451746844
19.7%,19700,669.3307495117188,272.53592535169577
19.8%,19750,673.565673828125,289.58477872577043
19.8%,19800,662.7786254882812,310.7568724415281
19.9%,19850,645.2063598632812,295.7732572655051
19.9%,19900,651.30810546875,298.67324523450714
19.9%,19950,660.1282958984375,297.40483953564456
20.0%,20000,669.061279296875,299.96516529592554
20.1%,20050,667.8624267578125,305.4366656101939
20.1%,20100,643.4061279296875,321.2214450006974
20.1%,20150,689.0065307617188,290.96985153092083
20.2%,20200,644.9954833984375,351.70229417969745
20.2%,20250,666.7158813476562,296.4125981538634
20.3%,20300,684.9744873046875,293.6134770277609
20.4%,20350,661.5000610351562,317.08819714145966
20.4%,20400,666.2637329101562,308.9710331001211
20.4%,20450,679.30322265625,298.1050720707381
20.5%,20500,654.0963134765625,317.86857999760844
20.6%,20550,680.8672485351562,303.36780589921415
20.6%,20600,630.811279296875,306.1807940087217
20.6%,20650,607.8919067382812,317.2881405257182
20.7%,20700,649.6546630859375,321.81085653189075
20.8%,20750,629.604248046875,310.48662348914314
20.8%,20800,620.1550903320312,300.7367666257944
20.9%,20850,629.7575073242188,295.43912881937496
20.9%,20900,637.0471801757812,290.289643295959
20.9%,20950,593.775390625,306.80363555922315
21.0%,21000,641.4443969726562,299.2060720608564
21.1%,21050,606.201416015625,322.30545014495135
21.1%,21100,639.111328125,316.6736158502274
21.1%,21150,647.0093994140625,322.7966795521416
21.2%,21200,635.9425659179688,309.9782116980626
21.2%,21250,643.46826171875,315.63375001626935
21.3%,21300,622.5060424804688,324.1391365704338
21.4%,21350,633.5882568359375,317.50940591429617
21.4%,21400,640.6126708984375,313.3908861498112
21.4%,21450,657.4226684570312,296.89600277367293
21.5%,21500,663.4465942382812,301.1331796376867
21.6%,21550,654.47216796875,296.8878605859372
21.6%,21600,653.759033203125,282.74823856477207
21.6%,21650,661.5344848632812,281.5303631933851
21.7%,21700,664.422119140625,273.25217647693427
21.8%,21750,623.4459228515625,279.8950430108074
21.8%,21800,627.3219604492188,283.466290135337
21.9%,21850,636.2362670898438,263.63461250801026
21.9%,21900,647.8441772460938,271.2243336970629
21.9%,21950,611.9608154296875,318.1904001549852
22.0%,22000,606.2463989257812,306.630241928443
22.1%,22050,614.140625,290.3280489789445
22.1%,22100,639.2667236328125,288.2495085371339
22.1%,22150,628.7444458007812,268.0947945218158
22.2%,22200,672.2374267578125,251.12258338613393
22.2%,22250,580.9684448242188,327.92332209108105
22.3%,22300,643.088134765625,279.14931204345345
22.4%,22350,629.5652465820312,280.1482775218326
22.4%,22400,637.033203125,287.55591642140547
22.4%,22450,661.8453369140625,306.7091799824043
22.5%,22500,646.3243408203125,318.3647983886124
22.6%,22550,666.0604248046875,302.220252824466
22.6%,22600,661.9369506835938,284.101176422845
22.6%,22650,662.6395874023438,312.9949433324665
22.7%,22700,664.5931396484375,315.30935614424425
22.8%,22750,632.8939208984375,320.9461427574031
22.8%,22800,669.9024658203125,321.3554803713855
22.9%,22850,693.475341796875,272.75498094611345
22.9%,22900,631.4823608398438,301.51708549354936
22.9%,22950,632.1597290039062,299.4510501035362
23.0%,23000,634.2332153320312,295.1933376376407
23.1%,23050,623.4527587890625,297.63624345256625
23.1%,23100,660.3280639648438,271.0657726535652
23.1%,23150,650.7440185546875,292.5140030766912
23.2%,23200,612.6419067382812,313.0114916443939
23.2%,23250,649.7230224609375,292.09810348933263
23.3%,23300,695.05810546875,272.42698146824875
23.4%,23350,648.853515625,317.20064090574726
23.4%,23400,635.7379760742188,309.13124654060965
23.4%,23450,679.999755859375,282.4015936549187
23.5%,23500,678.26123046875,290.1419579231407
23.6%,23550,619.8262939453125,323.9623285209094
23.6%,23600,684.3341064453125,280.29824272887265
23.6%,23650,613.3850708007812,325.14890473610603
23.7%,23700,637.0079345703125,271.3962950804767
23.8%,23750,623.0819702148438,305.8411118297972
23.8%,23800,612.1921997070312,290.592961102468
23.9%,23850,620.9815063476562,292.8481628382767
23.9%,23900,620.385009765625,292.7701076230605
23.9%,23950,628.2405395507812,311.319820142057
24.0%,24000,588.2391357421875,309.54900611853145
24.1%,24050,628.9755249023438,278.58377003800433
24.1%,24100,571.9147338867188,305.5432672431989
24.1%,24150,606.4241943359375,310.38238585031274
24.2%,24200,643.4160766601562,288.3971492523581
24.2%,24250,650.543212890625,297.3990805882069
24.3%,24300,645.5780029296875,313.272640528018
24.4%,24350,604.4951171875,331.80438783408067
24.4%,24400,700.6026000976562,269.56965127140427
24.4%,24450,665.2630615234375,298.5746807883189
24.5%,24500,655.3042602539062,327.63787790473293
24.6%,24550,698.562255859375,295.8561045881453
24.6%,24600,675.5879516601562,320.30611411315823
24.6%,24650,685.25537109375,302.24724798709053
24.7%,24700,656.7774047851562,341.8711594175442
24.8%,24750,723.1094360351562,283.34138052891166
24.8%,24800,714.1978759765625,272.33541787852937
24.9%,24850,646.869140625,305.5741253440569
24.9%,24900,642.7183837890625,286.8673477786297
24.9%,24950,645.1039428710938,302.58376412867705
25.0%,25000,641.116455078125,318.1806425373375
25.1%,25050,656.0819091796875,311.92180602202717
25.1%,25100,623.886962890625,324.06621446793446
25.1%,25150,612.2642211914062,325.2562721149361
25.2%,25200,660.178955078125,315.5568359888042
25.2%,25250,706.8058471679688,274.17306113727227
25.3%,25300,636.3597412109375,293.2160835410172
25.4%,25350,654.9072265625,273.1403220950119
25.4%,25400,642.23779296875,274.1413702598597
25.4%,25450,626.5709228515625,273.0215462040425
25.5%,25500,612.834716796875,301.9245699003838
25.6%,25550,630.1971435546875,290.7616428186726
25.6%,25600,633.5042724609375,274.3062693566932
25.6%,25650,630.540283203125,298.8796695018611
25.7%,25700,589.3812866210938,317.9445593891132
25.8%,25750,699.438232421875,250.76679001217977
25.8%,25800,706.6727294921875,271.02043855543735
25.9%,25850,628.7473754882812,312.2064519389616
25.9%,25900,643.0552978515625,310.72356981494306
25.9%,25950,638.7340087890625,317.13807775858004
26.0%,26000,597.678466796875,336.86595920378636
26.1%,26050,624.1045532226562,334.4174249224871
26.1%,26100,658.86279296875,317.63029213445094
26.1%,26150,638.8426513671875,333.0803434753311
26.2%,26200,674.7782592773438,307.8280351559824
26.2%,26250,639.51806640625,330.0252950210801
26.3%,26300,659.0639038085938,279.70215509437685
26.4%,26350,641.665283203125,288.9438914014462
26.4%,26400,626.1420288085938,284.447493124484
26.4%,26450,637.1068115234375,293.7844148475689
26.5%,26500,639.2913818359375,302.79883879584247
26.6%,26550,608.2881469726562,319.8874750115238
26.6%,26600,653.86181640625,292.5719661549573
26.6%,26650,656.2982177734375,301.750474330819
26.7%,26700,680.2323608398438,304.37469195420994
26.8%,26750,683.90673828125,312.48274475622173
26.8%,26800,658.288330078125,318.9798077575839
26.9%,26850,669.4248657226562,290.7198287622767
26.9%,26900,658.8201904296875,315.24122478535173
26.9%,26950,656.9800415039062,298.8025878567345
27.0%,27000,687.615234375,274.5275113070183
27.1%,27050,691.40869140625,288.4945107544811
27.1%,27100,643.0648803710938,317.23212190600213
27.1%,27150,639.404541015625,301.69337914298194
27.2%,27200,639.0827026367188,307.5169462706855
27.2%,27250,639.3286743164062,297.049007513426
27.3%,27300,653.7587890625,261.2392045446261
27.4%,27350,613.864990234375,272.7746236521405
27.4%,27400,633.0877685546875,289.71131181532957
27.4%,27450,625.175048828125,285.6810550133754
27.5%,27500,623.8065795898438,300.0806117395264
27.6%,27550,623.5556640625,317.15096381375037
27.6%,27600,654.039794921875,285.8885807315959
27.6%,27650,676.91552734375,287.1708398000281
27.7%,27700,624.1688232421875,335.53694085964
27.8%,27750,637.2786865234375,316.1004987116109
27.8%,27800,663.4110107421875,287.1575979672683
27.9%,27850,637.22802734375,330.9906003640937
27.9%,27900,663.7513427734375,315.485915805695
27.9%,27950,691.259521484375,309.62982523338076
28.0%,28000,681.674560546875,309.2975568218187
28.1%,28050,660.0758056640625,325.96357484614947
28.1%,28100,695.7440185546875,312.20173155945207
28.1%,28150,662.491455078125,301.62284462959394
28.2%,28200,657.23486328125,271.6847851162347
28.2%,28250,602.08837890625,324.3986195035715
28.3%,28300,656.3944702148438,290.13022494720025
28.4%,28350,624.4476318359375,281.89106941475217
28.4%,28400,626.5147705078125,282.03527263535267
28.4%,28450,611.030517578125,314.1898159750843
28.5%,28500,632.8541870117188,282.9193349154055
28.6%,28550,613.8296508789062,297.40572641216846
28.6%,28600,643.4686279296875,278.1785843101377
28.6%,28650,616.8827514648438,280.5970803917129
28.7%,28700,629.3004150390625,284.1539810972702
28.8%,28750,616.023193359375,279.46636860921944
28.8%,28800,574.3179931640625,298.48198865874406
28.9%,28850,603.4547119140625,257.0695396244925
28.9%,28900,551.9139404296875,304.19291515777144
28.9%,28950,588.3567504882812,277.39536193267844
29.0%,29000,603.8998413085938,272.17552243579513
29.1%,29050,587.44677734375,267.52975036638236
29.1%,29100,602.3051147460938,279.89900444657565
29.1%,29150,599.98291015625,285.1807073560848
29.2%,29200,577.6373291015625,269.68069186753416
29.2%,29250,567.5511474609375,280.992734687889
29.3%,29300,571.9134521484375,273.7829228723972
29.4%,29350,595.986572265625,273.451412776507
29.4%,29400,598.5601806640625,268.95253361780635
29.4%,29450,597.5025024414062,263.9633162355813
29.5%,29500,619.9636840820312,278.46339563999027
29.6%,29550,651.4441528320312,261.11863744401603
29.6%,29600,640.92578125,282.54169758854056
29.6%,29650,595.3302612304688,273.6340342614812
29.7%,29700,635.8592529296875,275.65148254909934
29.8%,29750,601.4307250976562,305.72046688593133
29.8%,29800,628.3901977539062,283.30800212063167
29.9%,29850,613.3026123046875,286.33640469413103
29.9%,29900,648.62841796875,265.85576887127996
29.9%,29950,639.8372802734375,292.3789420915043
30.0%,30000,643.7694091796875,302.5961200093483
30.1%,30050,659.151611328125,274.74564611450387
30.1%,30100,667.4075317382812,256.62885327684944
30.1%,30150,624.5609741210938,268.5103599593879
30.2%,30200,632.6290283203125,298.5719511004607
30.2%,30250,693.714111328125,266.2675994976727
30.3%,30300,680.997314453125,263.878987872191
30.4%,30350,640.3612060546875,293.1079819198381
30.4%,30400,610.8853759765625,311.2947156240447
30.4%,30450,637.494140625,290.5545806729357
30.5%,30500,681.6644287109375,270.67800294203437
30.6%,30550,647.8092041015625,287.2514108838433
30.6%,30600,639.8995361328125,315.2268953722558
30.6%,30650,709.9703979492188,301.1914605990276
30.7%,30700,675.1243896484375,295.60029675451506
30.8%,30750,663.4855346679688,298.06125967918086
30.8%,30800,617.1063842773438,339.2561009087625
30.9%,30850,686.1766357421875,283.2344519785016
30.9%,30900,656.3836669921875,291.2042393744199
30.9%,30950,665.240478515625,315.6180272574328
31.0%,31000,664.0577392578125,309.36773978708385
31.1%,31050,662.5398559570312,316.0005611245781
31.1%,31100,682.570556640625,326.80168617867844
31.1%,31150,724.359619140625,308.3179106057781
31.2%,31200,741.1912841796875,324.1819868164954
31.2%,31250,674.5533447265625,324.7148473612318
31.3%,31300,653.1013793945312,304.89697133409584
31.4%,31350,628.0419921875,296.31942832157927
31.4%,31400,656.0581665039062,302.71773283067563
31.4%,31450,600.2913818359375,330.9944570689728
31.5%,31500,640.4251098632812,303.56329360250305
31.6%,31550,632.203857421875,311.3993891976425
31.6%,31600,676.9971923828125,279.77242157285673
31.6%,31650,640.0596313476562,308.2980919230006
31.7%,31700,637.8719482421875,299.4719380762983
31.8%,31750,579.28759765625,326.4622267416644
31.8%,31800,642.4890747070312,277.2443874582766
31.9%,31850,639.045654296875,250.7919997578028
31.9%,31900,624.431396484375,298.7031310894216
31.9%,31950,655.97607421875,258.2543099724312
32.0%,32000,622.5333251953125,265.4480291216046
32.0%,32050,615.2886352539062,264.73155877351047
32.1%,32100,575.5225219726562,279.50272577483975
32.1%,32150,566.8005981445312,282.0957976096295
32.2%,32200,600.3751831054688,259.8098577903238
32.2%,32250,604.5657958984375,266.08816619281316
32.3%,32300,592.3145141601562,278.35550922655705
32.4%,32350,646.0841064453125,248.8708388197865
32.4%,32400,599.232666015625,303.0985911556096
32.5%,32450,660.6990966796875,268.91975443697794
32.5%,32500,606.7979125976562,305.26801112499396
32.5%,32550,651.9940185546875,274.6563642312128
32.6%,32600,637.208740234375,277.5391609753489
32.6%,32650,643.1829833984375,282.49174531418015
32.7%,32700,670.112060546875,269.68373947047087
32.8%,32750,643.2974853515625,330.899384547414
32.8%,32800,651.4893188476562,305.3071125834174
32.9%,32850,700.774658203125,260.09289016255434
32.9%,32900,618.903076171875,317.4092375301307
33.0%,32950,619.6368408203125,338.0182231503283
33.0%,33000,703.9217529296875,295.7562953779441
33.0%,33050,673.8713989257812,310.5059113320149
33.1%,33100,626.859619140625,298.40598862296133
33.1%,33150,668.5562744140625,288.1809380537887
33.2%,33200,665.326416015625,278.12048265658143
33.2%,33250,637.5745239257812,296.94903941902703
33.3%,33300,636.0850219726562,301.4174409628522
33.4%,33350,712.967041015625,273.20215789125723
33.4%,33400,659.4036254882812,307.309560324554
33.5%,33450,646.1097412109375,309.0380399095984
33.5%,33500,625.5384521484375,326.2489897919379
33.5%,33550,656.6004638671875,293.67684425298285
33.6%,33600,678.7985229492188,290.6014936999479
33.6%,33650,633.0325927734375,334.08752520961866
33.7%,33700,630.5969848632812,308.5739508890566
33.8%,33750,649.119384765625,291.7641674017605
33.8%,33800,631.2252807617188,327.79526599547467
33.9%,33850,649.162841796875,308.4719342779593
33.9%,33900,655.9982299804688,270.2353300638657
34.0%,33950,618.0466918945312,291.16030527610025
34.0%,34000,645.1168212890625,288.57720718980585
34.0%,34050,616.57666015625,289.46786662178306
34.1%,34100,674.9970703125,250.71209988304832
34.1%,34150,631.2935791015625,305.3563273364002
34.2%,34200,645.1234130859375,304.14504332163153
34.2%,34250,677.7333984375,301.05807369722436
34.3%,34300,657.2402954101562,300.9342940688133
34.4%,34350,643.9305419921875,352.47213375250885
34.4%,34400,627.5153198242188,365.58415353020393
34.5%,34450,652.419189453125,365.3955335580282
34.5%,34500,680.8572998046875,338.5049681840497
34.5%,34550,695.2659912109375,310.13962155856314
34.6%,34600,669.4169921875,319.0865065533097
34.6%,34650,677.0499877929688,325.0805698400887
34.7%,34700,721.5711669921875,320.8257543805133
34.8%,34750,684.27294921875,327.7453182502807
34.8%,34800,638.6712646484375,349.3157072082811
34.9%,34850,618.5322265625,362.67155206010506
34.9%,34900,674.0156860351562,308.4917798490369
35.0%,34950,645.0346069335938,337.0489228371796
35.0%,35000,644.6065063476562,331.21222104420764
35.0%,35050,679.302001953125,323.91904096592884
35.1%,35100,674.5928344726562,354.11999422143833
35.1%,35150,719.1807861328125,295.3147309980863
35.2%,35200,643.6587524414062,341.6772896954486
35.2%,35250,654.9014892578125,324.0774025274159
35.3%,35300,651.2728271484375,312.78617372632976
35.4%,35350,652.3431396484375,321.54046846548937
35.4%,35400,656.2477416992188,292.256852044687
35.5%,35450,667.3466796875,305.0433023921468
35.5%,35500,700.5377197265625,281.06879216801013
35.5%,35550,675.0079345703125,299.10219746875094
35.6%,35600,646.0985107421875,301.0900180672738
35.6%,35650,651.3302001953125,307.7205816456487
35.7%,35700,674.523193359375,299.62171664407805
35.8%,35750,675.059814453125,300.9542208968567
35.8%,35800,715.0367431640625,301.4155435161561
35.9%,35850,723.7239990234375,296.6025246461996
35.9%,35900,669.2318725585938,333.0446346312461
36.0%,35950,674.5674438476562,311.0648627209273
36.0%,36000,669.0235595703125,307.91654130968004
36.0%,36050,677.0713500976562,300.31539764161363
36.1%,36100,636.796142578125,306.78525820081353
36.1%,36150,654.056884765625,283.3788418850342
36.2%,36200,614.782470703125,299.14967427530354
36.2%,36250,618.1047973632812,323.3480939734311
36.3%,36300,638.6182861328125,285.182494190576
36.4%,36350,651.75244140625,283.55403020050505
36.4%,36400,630.232177734375,285.9643312925184
36.5%,36450,643.8960571289062,283.8847379545321
36.5%,36500,655.7417602539062,286.79173784122355
36.5%,36550,662.4678955078125,275.596114221136
36.6%,36600,608.3192749023438,324.2504236797637
36.6%,36650,647.4383544921875,288.84740323235275
36.7%,36700,649.048583984375,302.1635161455199
36.8%,36750,662.5479125976562,281.0318941553798
36.8%,36800,678.93115234375,279.8935177371766
36.9%,36850,667.748291015625,283.68216287189415
36.9%,36900,656.5780639648438,303.5702479818437
37.0%,36950,647.247802734375,298.1829885239768
37.0%,37000,656.4550170898438,310.1529885054612
37.0%,37050,650.1844482421875,337.5559463230757
37.1%,37100,696.4487915039062,311.8061012072512
37.1%,37150,705.2496337890625,278.8627279046572
37.2%,37200,712.27880859375,305.6563969585072
37.2%,37250,672.9340209960938,344.34258095753853
37.3%,37300,641.592041015625,329.39976222162846
37.4%,37350,630.9144897460938,349.01582493017884
37.4%,37400,651.8201904296875,328.0263258084282
37.5%,37450,686.6739501953125,318.54219071127164
37.5%,37500,667.2440185546875,294.9589057059436
37.5%,37550,643.09228515625,293.1329577183143
37.6%,37600,638.6962890625,295.09817115571445
37.6%,37650,630.878662109375,299.57483471783075
37.7%,37700,625.484375,316.2737146507847
37.8%,37750,638.7531127929688,292.6855497116754
37.8%,37800,644.739013671875,306.4961699857195
37.9%,37850,615.3052978515625,320.04379641723506
37.9%,37900,667.9203491210938,306.72386616553257
38.0%,37950,665.0996704101562,305.2487647346961
38.0%,38000,673.9951171875,298.45088479810244
38.0%,38050,681.3563232421875,301.1730057707367
38.1%,38100,618.36865234375,311.57051314865464
38.1%,38150,620.1605224609375,329.78853806284155
38.2%,38200,695.680908203125,296.1332847119767
38.2%,38250,660.7188720703125,310.74472937500525
38.3%,38300,646.15966796875,334.0199906939146
38.4%,38350,609.91552734375,318.45581823366877
38.4%,38400,629.4256591796875,311.97394962617716
38.5%,38450,603.798095703125,328.2182782576401
38.5%,38500,668.5928344726562,285.0041365560717
38.5%,38550,650.3352661132812,313.50239342543415
38.6%,38600,692.3404541015625,289.19287555415696
38.6%,38650,718.2890625,295.84914274531445
38.7%,38700,693.9002685546875,301.60623033771964
38.8%,38750,717.1809692382812,293.39231332206924
38.8%,38800,634.1845703125,346.1772059272458
38.9%,38850,704.7745971679688,301.40963965539555
38.9%,38900,695.4227294921875,318.92078371291836
39.0%,38950,695.621337890625,318.0594283649968
39.0%,39000,687.1112060546875,310.4145346215823
39.0%,39050,726.9046020507812,291.3168731403389
39.1%,39100,663.07958984375,333.56123626998783
39.1%,39150,664.4815063476562,330.6247580453471
39.2%,39200,725.8707275390625,271.93585107064985
39.2%,39250,639.421875,302.86312664131157
39.3%,39300,676.1103515625,247.06542738414373
39.4%,39350,629.8231201171875,296.17664261205243
39.4%,39400,650.16650390625,258.01299275501725
39.5%,39450,621.9488525390625,281.2684325601701
39.5%,39500,620.0552978515625,276.26920327323955
39.5%,39550,638.29345703125,253.2490666792534
39.6%,39600,604.6328125,256.2789833644852
39.6%,39650,596.3888549804688,243.12782320340511
39.7%,39700,620.7279052734375,287.0898093995324
39.8%,39750,599.616943359375,312.3817656082639
39.8%,39800,601.3695678710938,289.8587530905477
39.9%,39850,623.1283569335938,285.61330889165623
39.9%,39900,660.3034057617188,295.31691406229714
40.0%,39950,642.7966918945312,331.7238520304916
40.0%,40000,618.0494995117188,322.86185049771785
40.0%,40050,587.9066772460938,309.35157540618576
40.1%,40100,636.3887329101562,281.7184242478903
40.1%,40150,592.2007446289062,327.83102801409365
40.2%,40200,637.1286010742188,289.58402321040745
40.2%,40250,589.02490234375,296.68909850002217
40.3%,40300,623.1644287109375,297.2384415620929
40.4%,40350,664.1937255859375,277.9914830682041
40.4%,40400,639.709716796875,295.51445461342905
40.5%,40450,620.077880859375,297.28524110991725
40.5%,40500,592.8412475585938,326.52811485437235
40.5%,40550,682.23486328125,252.22749926166117
40.6%,40600,640.1688232421875,312.9615426390609
40.6%,40650,670.510986328125,294.60429591258486
40.7%,40700,614.751220703125,333.4067789392905
40.8%,40750,647.482421875,299.3330128917387
40.8%,40800,627.1299438476562,306.24131524125244
40.9%,40850,679.7852783203125,291.80942909189895
40.9%,40900,605.5640869140625,295.5281985885949
41.0%,40950,637.9386596679688,271.5372428698755
41.0%,41000,648.8997802734375,287.5714967378584
41.0%,41050,701.6075439453125,270.19173325809595
41.1%,41100,645.9732055664062,296.39184825100256
41.1%,41150,648.6473388671875,307.4646013829928
41.2%,41200,623.9890747070312,301.03108525000755
41.2%,41250,660.125244140625,273.1090279033694
41.3%,41300,637.792724609375,281.4982276529088
41.4%,41350,598.97998046875,327.661908121541
41.4%,41400,591.5925903320312,343.00427823696157
41.5%,41450,676.5048828125,299.78038593151933
41.5%,41500,629.8052368164062,334.7131330546841
41.5%,41550,644.1029052734375,335.9128819620116
41.6%,41600,658.8214111328125,333.98259805337415
41.6%,41650,680.085693359375,342.0719578694836
41.7%,41700,694.87451171875,302.4116500390804
41.8%,41750,662.2662963867188,334.78961224000244
41.8%,41800,690.380615234375,331.2269537284668
41.9%,41850,659.480224609375,335.2695684779869
41.9%,41900,675.7193603515625,321.27604012601284
42.0%,41950,701.1339111328125,306.09611538801767
42.0%,42000,686.0111083984375,331.8738543456262
42.0%,42050,688.407470703125,310.3567079010285
42.1%,42100,686.9403686523438,308.83307756088476
42.1%,42150,635.38720703125,337.3579684890277
42.2%,42200,643.5535888671875,338.11242190014246
42.2%,42250,618.6974487304688,377.116868968731
42.3%,42300,675.3580322265625,347.1184752101399
42.4%,42350,681.8316650390625,317.1527581504027
42.4%,42400,691.2005615234375,309.6730726772689
42.5%,42450,690.8508911132812,318.74866817249506
42.5%,42500,688.912353515625,284.24342073663456
42.5%,42550,622.007568359375,342.7371425667603
42.6%,42600,627.322021484375,304.4014586969641
42.6%,42650,646.8421020507812,279.3404738080885
42.7%,42700,623.02685546875,284.1396890416296
42.8%,42750,614.7061157226562,287.424608388983
42.8%,42800,600.6671142578125,285.3493689740718
42.9%,42850,633.4509887695312,285.52570455346415
42.9%,42900,663.463134765625,285.07593399814357
43.0%,42950,650.5570068359375,291.74149063829134
43.0%,43000,654.32568359375,290.65140028793394
43.0%,43050,599.3453979492188,328.5869866152898
43.1%,43100,625.902587890625,308.2968596883701
43.1%,43150,615.7776489257812,307.3458475004517
43.2%,43200,615.1851806640625,315.12723047397793
43.2%,43250,630.1790161132812,301.6934380774847
43.3%,43300,632.7113037109375,280.7578800835546
43.4%,43350,595.8617553710938,290.024549533727
43.4%,43400,586.5372314453125,304.23357242319463
43.5%,43450,559.8241577148438,328.96310754817046
43.5%,43500,629.7721557617188,295.46393072133014
43.5%,43550,650.592041015625,287.1763424968579
43.6%,43600,618.3841552734375,329.6764040807349
43.6%,43650,612.1134643554688,342.77836652337845
43.7%,43700,646.1484375,305.158680440201
43.8%,43750,627.1583862304688,326.9958380719085
43.8%,43800,672.8386840820312,302.3694328808732
43.9%,43850,636.0584716796875,330.4647755156704
43.9%,43900,660.98388671875,325.1711883455282
44.0%,43950,659.83642578125,327.2625739153265
44.0%,44000,662.401123046875,300.45711565333147
44.0%,44050,645.330078125,319.04619630950987
44.1%,44100,601.7352905273438,340.22383395831395
44.1%,44150,660.7354736328125,312.43345554102274
44.2%,44200,617.336181640625,350.225675245421
44.2%,44250,653.71044921875,328.6111706277343
44.3%,44300,656.8052978515625,340.6638787418341
44.4%,44350,658.2501220703125,321.15217525619624
44.4%,44400,605.46435546875,370.2060742685467
44.5%,44450,619.0938720703125,360.35410997674654
44.5%,44500,718.4581298828125,270.2739856430912
44.5%,44550,674.4591064453125,316.36817144640474
44.6%,44600,647.1212158203125,347.839167850785
44.6%,44650,650.69921875,335.24109704313844
44.7%,44700,628.16943359375,350.0993255360959
44.8%,44750,627.8352661132812,305.60638501289606
44.8%,44800,646.7892456054688,292.90565497391265
44.9%,44850,617.822265625,302.25254896132907
44.9%,44900,614.694580078125,284.53379491428734
45.0%,44950,583.74462890625,310.56161922011165
45.0%,45000,585.59619140625,298.0677445920542
45.0%,45050,564.997314453125,295.013090253373
45.1%,45100,598.84765625,282.5740240167459
45.1%,45150,573.2569580078125,316.1061626338969
45.2%,45200,620.4039306640625,269.5553344757006
45.2%,45250,616.6015014648438,261.0324887811086
45.3%,45300,570.47509765625,298.9807848028419
45.4%,45350,564.7429809570312,288.5555317914932
45.4%,45400,600.7028198242188,270.67952919310636
45.5%,45450,606.3659057617188,268.5414630012725
45.5%,45500,622.863037109375,286.19206202014334
45.5%,45550,608.9352416992188,319.3399448748231
45.6%,45600,604.612060546875,306.52548644980794
45.6%,45650,646.68603515625,294.9372745118418
45.7%,45700,649.6826171875,302.73277954158425
45.8%,45750,609.0309448242188,325.13997425339045
45.8%,45800,614.1959228515625,312.2993824461722
45.9%,45850,682.8901977539062,270.4661102933036
45.9%,45900,658.7849731445312,304.4084618803564
46.0%,45950,595.0626220703125,342.9855498691552
46.0%,46000,625.8211669921875,303.14177116005646
46.0%,46050,616.7156982421875,306.9513442546149
46.1%,46100,641.2203369140625,299.61274445276035
46.1%,46150,657.2637939453125,305.26953734339565
46.2%,46200,646.230712890625,324.0469397955159
46.2%,46250,644.78125,314.42550832385473
46.3%,46300,610.6414184570312,330.54661226547137
46.4%,46350,583.5621337890625,321.5822248648568
46.4%,46400,651.0852661132812,307.489702731322
46.5%,46450,641.30224609375,329.2648795787864
46.5%,46500,656.4271240234375,279.9045893641444
46.5%,46550,666.6104736328125,262.402178348885
46.6%,46600,600.01123046875,293.5196791248426
46.6%,46650,609.434814453125,295.1726988963787
46.7%,46700,641.2235107421875,255.73695362269373
46.8%,46750,579.5584716796875,265.18125245634906
46.8%,46800,577.5799560546875,259.38195239025345
46.9%,46850,573.5067138671875,297.05046955207945
46.9%,46900,572.7470092773438,279.45696781927717
47.0%,46950,607.2184448242188,252.58990712278583
47.0%,47000,580.7283935546875,254.4485331567512
47.0%,47050,559.061767578125,277.9048591088529
47.1%,47100,640.702392578125,228.82159499838124
47.1%,47150,609.734130859375,244.71843552828716
47.2%,47200,578.717041015625,286.25366222506034
47.2%,47250,569.1512451171875,310.4632220377125
47.3%,47300,578.437744140625,314.54230989564604
47.4%,47350,574.9644775390625,299.6568499379907
47.4%,47400,608.6696166992188,317.20376133271935
47.5%,47450,625.123046875,292.95241359988836
47.5%,47500,646.551513671875,266.4574278351785
47.5%,47550,639.26025390625,265.1090424274193
47.6%,47600,590.59228515625,290.92567858358007
47.6%,47650,650.9711303710938,262.1527860524734
47.7%,47700,640.3135375976562,308.9928088201698
47.8%,47750,639.9091796875,295.3677255994679
47.8%,47800,602.9205932617188,289.0395064448664
47.9%,47850,578.2451171875,316.1986771642089
47.9%,47900,651.7127685546875,279.9500310234737
48.0%,47950,642.1873779296875,288.35215537777026
48.0%,48000,641.5096435546875,313.31486400825605
48.0%,48050,679.0853271484375,306.26581900631146
48.1%,48100,644.3845825195312,342.3678418897546
48.1%,48150,656.0621948242188,337.5675279663182
48.2%,48200,655.255126953125,315.67331471780665
48.2%,48250,626.059814453125,343.97501982980657
48.3%,48300,611.55615234375,334.4332044822577
48.4%,48350,651.04541015625,325.8907140494145
48.4%,48400,635.216796875,323.9782360841371
48.5%,48450,698.3219604492188,321.23485195734355
48.5%,48500,692.869140625,315.4038774283132
48.5%,48550,694.3603515625,293.15230525043864
48.6%,48600,694.0540161132812,297.98401004085133
48.6%,48650,669.4298706054688,329.21594000283307
48.7%,48700,678.7709350585938,327.01586541637624
48.8%,48750,640.5634765625,332.8220720218671
48.8%,48800,656.011474609375,307.23172896270427
48.9%,48850,681.51611328125,311.68327798570255
48.9%,48900,712.8377685546875,287.70858509074344
49.0%,48950,643.9107055664062,330.3543606445825
49.0%,49000,641.9354858398438,317.39377801067315
49.0%,49050,665.891357421875,296.25688657010613
49.1%,49100,653.8895263671875,297.78922864349556
49.1%,49150,664.6400146484375,274.16757950443326
49.2%,49200,624.9281005859375,294.32770867417184
49.2%,49250,644.5147705078125,257.4741023702865
49.3%,49300,627.5244140625,284.1266439622461
49.4%,49350,624.0648193359375,295.494822079191
49.4%,49400,660.2286376953125,259.6196701018342
49.5%,49450,573.8519287109375,311.7815338671773
49.5%,49500,638.079833984375,275.1702370408578
49.5%,49550,642.7191772460938,301.1560161481155
49.6%,49600,616.1740112304688,305.55998511983597
49.6%,49650,589.353515625,312.64380178245756
49.7%,49700,631.292724609375,278.24742136156243
49.8%,49750,605.4243774414062,276.22320041065404
49.8%,49800,623.1140747070312,256.164631228296
49.9%,49850,599.6802978515625,293.8490369485861
49.9%,49900,570.923095703125,300.2325848694524
50.0%,49950,579.1480712890625,296.21982337224944
50.0%,50000,627.4367065429688,267.46198872028367
50.0%,50050,616.9703369140625,285.7852207776085
50.1%,50100,612.3746948242188,278.3503320819817
50.1%,50150,604.2283935546875,295.7083401666047
50.2%,50200,602.7039184570312,306.1480475635054
50.2%,50250,600.5392456054688,303.4090572801916
50.3%,50300,669.6220703125,243.0941886675309
50.4%,50350,631.328857421875,276.7913037827223
50.4%,50400,596.9930419921875,294.06287029745215
50.5%,50450,589.5341186523438,297.7993589412645
50.5%,50500,591.0230712890625,278.7048517540633
50.5%,50550,573.018798828125,278.33248336590214
50.6%,50600,609.947021484375,269.56124655470126
50.6%,50650,602.197021484375,280.8321934592326
50.7%,50700,587.478271484375,259.79429185012384
50.8%,50750,596.3251953125,259.17606464876604
50.8%,50800,604.5849609375,244.58366026195955
50.9%,50850,571.0159301757812,269.47806843289436
50.9%,50900,592.2933959960938,278.3231005012711
51.0%,50950,600.050537109375,294.69599430517826
51.0%,51000,588.4918823242188,280.06808255051743
51.0%,51050,626.7178344726562,273.4715468700867
51.1%,51100,661.7305297851562,268.87652264815057
51.1%,51150,611.8212890625,283.02814858048424
51.2%,51200,626.2928466796875,294.6951226329986
51.2%,51250,621.3783569335938,272.9514338652369
51.3%,51300,604.373046875,304.4048319891705
51.4%,51350,644.61865234375,299.1875186616893
51.4%,51400,648.3739013671875,281.9575804255235
51.5%,51450,630.072998046875,294.43340132021325
51.5%,51500,627.9296875,266.8517224653302
51.5%,51550,609.6513671875,270.4875099631926
51.6%,51600,625.4940185546875,240.64489185009396
51.6%,51650,616.1046142578125,247.31002611163686
51.7%,51700,555.2051391601562,271.8267780849578
51.8%,51750,541.2950439453125,252.2837561169972
51.8%,51800,571.9717407226562,241.47644149061114
51.9%,51850,567.9033203125,253.40954118854808
51.9%,51900,561.409912109375,233.26615077241678
52.0%,51950,588.5104370117188,236.50978568047842
52.0%,52000,538.5987548828125,253.52111589161092
52.0%,52050,527.724853515625,261.742088360421
52.1%,52100,527.67333984375,251.52239314082004
52.1%,52150,580.1773071289062,269.32765173737073
52.2%,52200,629.9239501953125,243.22527415006402
52.2%,52250,601.1029052734375,291.5202562488005
52.3%,52300,602.427734375,286.11163450583626
52.4%,52350,553.1246948242188,358.4552656704628
52.4%,52400,628.075927734375,325.03973716664444
52.5%,52450,611.8770751953125,310.05652433101534
52.5%,52500,599.1405639648438,311.62885405527663
52.5%,52550,605.1434326171875,288.50645172403813
52.6%,52600,598.8072509765625,299.05967426744184
52.6%,52650,642.6600952148438,254.77932432798238
52.7%,52700,591.7169189453125,288.05722208040123
52.8%,52750,570.2666625976562,305.25629345607587
52.8%,52800,590.9219360351562,304.6925691485234
52.9%,52850,579.134033203125,301.9406793685562
52.9%,52900,596.9189453125,320.6893345233895
53.0%,52950,582.810791015625,307.9354817742223
53.0%,53000,602.9855346679688,305.0746490935833
53.0%,53050,584.3321533203125,313.91756948095883
53.1%,53100,560.9520263671875,307.8395379345231
53.1%,53150,572.247802734375,289.7323780530946
53.2%,53200,537.214599609375,306.24073834559823
53.2%,53250,553.7044067382812,282.72387082005474
53.3%,53300,536.5833129882812,288.8212878614704
53.4%,53350,585.4155883789062,295.0174750064331
53.4%,53400,610.8125610351562,278.08062927119096
53.5%,53450,577.63134765625,305.5665180593419
53.5%,53500,598.3067016601562,281.14756192206795
53.5%,53550,554.783203125,290.7419312277116
53.6%,53600,557.068359375,287.6068000145268
53.6%,53650,617.24951171875,287.5809447163407
53.7%,53700,622.0120849609375,291.7608464313273
53.8%,53750,601.8463134765625,314.5295696192276
53.8%,53800,650.365966796875,289.8764963683267
53.9%,53850,627.655517578125,336.84482876560423
53.9%,53900,613.7006225585938,349.85383505420725
54.0%,53950,649.78125,317.47592692858524
54.0%,54000,637.7691650390625,309.73061658728426
54.0%,54050,618.5465087890625,310.7638848872757
54.1%,54100,609.2636108398438,301.25671996502683
54.1%,54150,582.693603515625,301.03952338773155
54.2%,54200,604.0120849609375,313.92063049870904
54.2%,54250,612.57470703125,300.3230531476493
54.3%,54300,614.94482421875,314.32801632133237
54.4%,54350,618.01953125,330.2988461458241
54.4%,54400,641.1385498046875,317.6908360894888
54.5%,54450,610.4683227539062,331.65101740197747
54.5%,54500,592.1842651367188,352.04571646196865
54.5%,54550,611.15625,322.251655654644
54.6%,54600,657.405029296875,290.21940738085146
54.6%,54650,674.1095581054688,261.8205371950689
54.7%,54700,624.9603271484375,315.7397547274104
54.8%,54750,625.2725219726562,340.98099315198255
54.8%,54800,595.0394897460938,358.3200684542442
54.9%,54850,586.578125,320.33512019633275
54.9%,54900,615.3629150390625,304.74196043831853
55.0%,54950,615.765869140625,295.0211892989318
55.0%,55000,607.7568969726562,294.57110620779287
55.0%,55050,605.9564819335938,301.8172564808409
55.1%,55100,632.2021484375,267.4543984147755
55.1%,55150,588.7645874023438,303.29910471744773
55.2%,55200,598.4935913085938,320.28709697215555
55.2%,55250,582.5857543945312,312.66379657266657
55.3%,55300,618.2396240234375,299.003143621896
55.4%,55350,590.9405517578125,300.8251260713044
55.4%,55400,606.5380859375,318.0676239332892
55.5%,55450,643.773193359375,292.85727111127625
55.5%,55500,654.5162353515625,272.57126156799865
55.5%,55550,622.2877807617188,290.0057199307504
55.6%,55600,594.8577270507812,315.20069693487466
55.6%,55650,621.8994140625,296.79476852223394
55.7%,55700,629.230224609375,282.4706820807466
55.8%,55750,612.2642211914062,314.4640993659592
55.8%,55800,618.93798828125,294.0452753693753
55.9%,55850,583.6381225585938,302.07922592900536
55.9%,55900,608.612060546875,305.66981628918535
56.0%,55950,629.1032104492188,297.7505913296188
56.0%,56000,599.3377075195312,306.677918749065
56.0%,56050,631.6239013671875,275.0980348154558
56.1%,56100,601.4642944335938,304.0511062900286
56.1%,56150,599.582763671875,304.97804984023287
56.2%,56200,610.7244873046875,294.56371302136796
56.2%,56250,592.6548461914062,290.2485076957567
56.3%,56300,629.831298828125,280.66627980245346
56.4%,56350,617.8787231445312,294.5144038366323
56.4%,56400,619.4186401367188,308.68283326571697
56.5%,56450,647.18701171875,289.40154662142106
56.5%,56500,587.8057861328125,299.5213076330287
56.5%,56550,543.5538940429688,304.79280250685804
56.6%,56600,597.225830078125,289.055573705715
56.6%,56650,601.8001708984375,270.9635056885106
56.7%,56700,565.397705078125,273.04988692746844
56.8%,56750,563.8451538085938,275.6572068233778
56.8%,56800,505.2433166503906,325.2436280477999
56.9%,56850,603.6419677734375,272.09493177015264
56.9%,56900,613.4190673828125,261.0180580474998
57.0%,56950,554.021240234375,308.17553755645054
57.0%,57000,565.6602783203125,305.4071102330775
57.0%,57050,570.5234375,322.6556374136657
57.1%,57100,668.5813598632812,286.02333052644633
57.1%,57150,667.351806640625,318.45474606670007
57.2%,57200,650.5641479492188,304.43190048255286
57.2%,57250,605.4801025390625,315.95147585254875
57.3%,57300,638.6888427734375,243.580662915374
57.4%,57350,640.8040771484375,243.7129796750986
57.4%,57400,583.1046752929688,292.4379349633969
57.5%,57450,634.31298828125,240.51377724651425
57.5%,57500,556.6943969726562,299.5481933835807
57.5%,57550,589.948486328125,282.3414126039234
57.6%,57600,599.5839233398438,288.3339540629519
57.6%,57650,593.0618286132812,281.5621456989078
57.7%,57700,580.1739501953125,300.4303483198455
57.8%,57750,576.9600830078125,304.16903945467885
57.8%,57800,613.7539672851562,299.6195785721649
57.9%,57850,643.4406127929688,281.7222428185616
57.9%,57900,650.5907592773438,282.75556261556864
58.0%,57950,585.1483154296875,353.09747502949466
58.0%,58000,618.6989135742188,344.4782664262971
58.0%,58050,632.086669921875,337.7706486051525
58.1%,58100,664.947509765625,326.6291688205855
58.1%,58150,649.1561279296875,328.43324456751617
58.2%,58200,590.8370361328125,354.71536171647455
58.2%,58250,693.3790893554688,296.4234568773396
58.3%,58300,616.953369140625,346.5598972594739
58.4%,58350,626.6063232421875,328.63231987599187
58.4%,58400,617.7113647460938,349.0496132290192
58.5%,58450,625.6170043945312,319.3603591966563
58.5%,58500,684.0833129882812,278.8926539586739
58.5%,58550,618.202392578125,308.2962385465005
58.6%,58600,580.0223388671875,364.38395338908765
58.6%,58650,599.7015380859375,335.16619132943566
58.7%,58700,645.8778686523438,299.1934911873596
58.8%,58750,632.8800659179688,316.5263160159491
58.8%,58800,655.6470947265625,305.2281782525336
58.9%,58850,631.4561767578125,311.05012754839356
58.9%,58900,610.3180541992188,309.83814184553455
59.0%,58950,649.39111328125,294.0947592240506
59.0%,59000,643.441650390625,305.85279584966923
59.0%,59050,616.32373046875,316.7412061907578
59.1%,59100,634.52001953125,289.5241696408795
59.1%,59150,589.3380126953125,319.71265718893284
59.2%,59200,562.7045288085938,301.4634939589693
59.2%,59250,567.1594848632812,309.35917863445314
59.3%,59300,568.5907592773438,283.50520198083865
59.4%,59350,598.4239501953125,293.54270668968553
59.4%,59400,549.9775390625,326.5043269923055
59.5%,59450,605.4217529296875,281.33812086552155
59.5%,59500,604.4385375976562,289.8469423820303
59.5%,59550,601.8746337890625,290.07205375663796
59.6%,59600,628.5306396484375,278.71584807672207
59.6%,59650,651.4126586914062,284.5982799435135
59.7%,59700,615.0391845703125,313.63892081775657
59.8%,59750,585.0831909179688,307.260214108399
59.8%,59800,632.595458984375,287.8475223516355
59.9%,59850,618.791015625,293.63469689247705
59.9%,59900,624.858642578125,303.78278187266193
60.0%,59950,624.5855102539062,285.2124264899484
60.0%,60000,601.532958984375,287.37461861181794
60.0%,60050,561.3298950195312,306.3989201739203
60.1%,60100,566.2724609375,285.105548537788
60.1%,60150,577.8767700195312,288.0489057674526
60.2%,60200,538.193359375,285.328520478999
60.2%,60250,614.06005859375,264.8801706645601
60.3%,60300,570.3801879882812,299.0423644401561
60.4%,60350,572.7236938476562,289.40786133284786
60.4%,60400,591.9417724609375,273.8850341792765
60.5%,60450,562.5064697265625,270.91862119965896
60.5%,60500,558.75341796875,287.1833898184537
60.5%,60550,628.1049194335938,280.99133843249405
60.6%,60600,588.4751586914062,310.218494303985
60.6%,60650,642.89306640625,268.823278591911
60.7%,60700,633.0222778320312,286.33319127223126
60.8%,60750,616.1729736328125,300.5204049446209
60.8%,60800,595.490966796875,313.9225757573473
60.9%,60850,596.9568481445312,317.7871683320442
60.9%,60900,619.3939819335938,293.41713041236693
61.0%,60950,607.0335693359375,309.0208737808349
61.0%,61000,586.44091796875,316.2157663181457
61.0%,61050,601.5155639648438,325.3767135776834
61.1%,61100,567.0606079101562,313.1983669407302
61.1%,61150,584.541015625,300.26789694442493
61.2%,61200,582.5314331054688,288.3439966628776
61.2%,61250,555.8076782226562,296.70530129049166
61.3%,61300,617.38916015625,244.4423728864244
61.4%,61350,588.8487548828125,243.6053718550718
61.4%,61400,599.9715576171875,249.50758669003338
61.5%,61450,589.168701171875,279.53249492354365
61.5%,61500,556.7618408203125,281.3450539891835
61.5%,61550,567.059326171875,267.62229713258466
61.6%,61600,549.1378784179688,288.3255047344931
61.6%,61650,537.9326171875,314.64207287541285
61.7%,61700,609.5049438476562,266.98403503792616
61.8%,61750,590.83740234375,296.751461322419
61.8%,61800,569.3701782226562,323.3041519942419
61.9%,61850,639.6007080078125,279.8171220970766
61.9%,61900,651.011474609375,265.13613944128195
62.0%,61950,633.703125,274.99893456348053
62.0%,62000,620.1029663085938,285.2421017249566
62.0%,62050,618.4215698242188,292.18654194222694
62.1%,62100,646.8783569335938,305.793846233216
62.1%,62150,603.6798095703125,326.9684412476317
62.2%,62200,542.6524658203125,354.28028222215374
62.2%,62250,592.22509765625,277.06548461694797
62.3%,62300,591.0313110351562,294.86496436786547
62.4%,62350,628.1945190429688,246.17957592267405
62.4%,62400,592.886962890625,269.5877182915714
62.5%,62450,565.7562255859375,263.2355483289237
62.5%,62500,533.8504638671875,279.386000632815
62.5%,62550,566.0257568359375,257.7525236483993
62.6%,62600,570.460205078125,259.12620103485506
62.6%,62650,570.0972900390625,259.59883590367224
62.7%,62700,592.2457275390625,275.1805507842013
62.8%,62750,584.8193359375,276.5896911636151
62.8%,62800,598.64892578125,289.24026033988935
62.9%,62850,597.7352905273438,273.9827156133672
62.9%,62900,594.7763061523438,271.0547098235681
63.0%,62950,591.4595336914062,258.64966144352724
63.0%,63000,556.6332397460938,281.61751348681156
63.0%,63050,592.9777221679688,280.10213437043444
63.1%,63100,586.5084838867188,267.8208143328126
63.1%,63150,574.86865234375,304.91752028811754
63.2%,63200,593.1569213867188,287.47935028249276
63.2%,63250,592.8897094726562,293.38399765252495
63.3%,63300,621.3663940429688,274.32908103838236
63.4%,63350,595.1859741210938,286.13639849160785
63.4%,63400,596.78271484375,295.03681793938335
63.5%,63450,545.0985107421875,342.16723628642734
63.5%,63500,606.85693359375,295.90251596247225
63.5%,63550,568.3970947265625,311.52341540259397
63.6%,63600,578.5322265625,301.62068659414473
63.6%,63650,634.4078369140625,282.1081020392904
63.7%,63700,626.231201171875,277.644853742737
63.8%,63750,627.3905639648438,276.95262676163645
63.8%,63800,626.2205810546875,293.153968333942
63.9%,63850,584.8973388671875,335.3588176510021
63.9%,63900,627.0704345703125,291.8637524618958
64.0%,63950,656.2021484375,276.70328202513923
64.0%,64000,569.6113891601562,285.89612898313055
64.0%,64050,578.7816162109375,301.14307561760114
64.1%,64100,590.708984375,295.4882025647991
64.2%,64150,603.8175659179688,287.1116550859678
64.2%,64200,637.7973022460938,268.7162780922288
64.2%,64250,550.0296020507812,322.3916454263359
64.3%,64300,622.739990234375,288.1898050841697
64.3%,64350,639.9881591796875,285.3912012351431
64.4%,64400,638.4992065429688,273.7399749682267
64.5%,64450,615.1192016601562,280.2602276049812
64.5%,64500,614.2650146484375,327.61637757240356
64.5%,64550,633.5545654296875,299.1651393363726
64.6%,64600,600.1190795898438,309.9902822832545
64.7%,64650,629.863525390625,295.52867878291244
64.7%,64700,641.0444946289062,291.5369695382647
64.8%,64750,556.1405029296875,343.7407532396865
64.8%,64800,555.0257568359375,318.3235449180711
64.8%,64850,612.9296875,262.73290438759625
64.9%,64900,567.3495483398438,295.4460123495648
65.0%,64950,569.6546630859375,289.83654698701076
65.0%,65000,585.8927001953125,278.4283281066669
65.0%,65050,603.4608154296875,282.9412110945388
65.1%,65100,552.7239990234375,341.4671484633011
65.2%,65150,599.1181640625,298.93595433628434
65.2%,65200,591.89453125,303.5581644778929
65.2%,65250,604.3466186523438,296.22204061323134
65.3%,65300,576.2145385742188,303.8711233481891
65.3%,65350,645.962158203125,265.1595380710679
65.4%,65400,624.4642333984375,291.0654629472741
65.5%,65450,609.7633666992188,275.73090094939494
65.5%,65500,603.450927734375,294.2220739091837
65.5%,65550,612.099853515625,274.02798879010635
65.6%,65600,611.033447265625,296.98927272500424
65.7%,65650,603.577880859375,330.786038987623
65.7%,65700,629.3197021484375,307.2910259281503
65.8%,65750,606.2760620117188,349.2410195859757
65.8%,65800,639.210693359375,317.96319323982397
65.8%,65850,647.0554809570312,298.65563794506636
65.9%,65900,570.8077392578125,350.6113915170435
66.0%,65950,654.5333251953125,300.16321736749813
66.0%,66000,613.5814208984375,332.19119178305
66.0%,66050,652.7352905273438,285.86595828345315
66.1%,66100,592.107666015625,302.34979195637607
66.2%,66150,620.4932861328125,315.7425926778809
66.2%,66200,618.163330078125,303.7026399845372
66.2%,66250,613.1216430664062,289.6620196871425
66.3%,66300,595.5518798828125,301.5159488107954
66.3%,66350,607.6248168945312,316.5374592081466
66.4%,66400,599.6104736328125,305.0898568115906
66.5%,66450,618.5308837890625,300.6929770074165
66.5%,66500,616.24072265625,313.44585985156516
66.5%,66550,614.786376953125,307.9687241168223
66.6%,66600,593.8187866210938,330.8053526920149
66.7%,66650,646.556884765625,305.73515999115676
66.7%,66700,602.4979248046875,328.07003413917016
66.8%,66750,617.4160766601562,323.3070748074094
66.8%,66800,664.1788940429688,300.09852630420505
66.8%,66850,618.5859375,332.75446902260666
66.9%,66900,644.7578125,304.01057042266694
67.0%,66950,592.7638549804688,307.5800037827339
67.0%,67000,643.6549072265625,300.52783112935344
67.0%,67050,616.2487182617188,321.1246017297556
67.1%,67100,597.5576782226562,305.89032265701354
67.2%,67150,601.5682983398438,314.26994636727386
67.2%,67200,571.5443115234375,310.5148072709189
67.2%,67250,602.2589111328125,285.1124334174601
67.3%,67300,587.4864501953125,287.7186347009427
67.3%,67350,598.0928955078125,273.9755701742785
67.4%,67400,570.8947143554688,281.95688234449784
67.5%,67450,568.5284423828125,281.8335578663076
67.5%,67500,589.5135498046875,262.8313320266893
67.5%,67550,575.0794677734375,261.3895373268908
67.6%,67600,601.048583984375,251.7614893598375
67.7%,67650,577.9237670898438,289.90361006403
67.7%,67700,546.086669921875,302.105622290892
67.8%,67750,535.1917114257812,302.7131684230426
67.8%,67800,567.3060302734375,266.1116077376676
67.8%,67850,545.5437622070312,284.0425500340565
67.9%,67900,570.8896484375,280.0004943248871
68.0%,67950,559.5467529296875,288.072554541506
68.0%,68000,572.218994140625,259.88039612413337
68.0%,68050,592.1693725585938,258.81328294039133
68.1%,68100,569.780029296875,268.30129242196097
68.2%,68150,595.634521484375,258.7219798940868
68.2%,68200,594.0615234375,256.5970934738317
68.2%,68250,599.1267700195312,258.7864516438477
68.3%,68300,543.4541015625,308.86632272446263
68.3%,68350,616.5699462890625,277.513022467247
68.4%,68400,628.5491333007812,273.44668486183275
68.5%,68450,600.96875,281.4365630488861
68.5%,68500,602.3652954101562,293.9167011772692
68.5%,68550,569.7046508789062,334.2614887486153
68.6%,68600,605.920166015625,323.58269626725917
68.7%,68650,620.38427734375,324.03801497875884
68.7%,68700,648.2955322265625,317.37025911461706
68.8%,68750,593.0081787109375,318.62971197629753
68.8%,68800,578.83837890625,329.4171020415569
68.8%,68850,621.587158203125,294.90502661496816
68.9%,68900,681.05029296875,247.69082660618986
69.0%,68950,629.2904663085938,292.7961499865539
69.0%,69000,611.60546875,288.62410209215153
69.0%,69050,647.482421875,256.82606532773485
69.1%,69100,653.1360473632812,274.43451820890147
69.2%,69150,659.4321899414062,260.5924926376221
69.2%,69200,662.9393310546875,254.9025547397934
69.2%,69250,626.644287109375,293.3589789453143
69.3%,69300,626.3790283203125,279.33278752532357
69.3%,69350,601.521484375,285.40371430915894
69.4%,69400,624.7463989257812,271.7936664727826
69.5%,69450,592.52734375,281.7372441197931
69.5%,69500,629.94140625,284.6751471276433
69.5%,69550,636.0036010742188,296.4489116419978
69.6%,69600,601.3629150390625,308.19420730845593
69.7%,69650,609.1000366210938,282.92339704228397
69.7%,69700,617.5728759765625,275.2316823620183
69.8%,69750,628.0001831054688,276.7306901419954
69.8%,69800,614.7359619140625,305.3635105849941
69.8%,69850,607.0360107421875,292.40962830672987
69.9%,69900,602.5361328125,290.5172282528331
70.0%,69950,632.675537109375,288.91510425976287
70.0%,70000,622.88818359375,301.88875044409383
70.0%,70050,637.6629638671875,267.3344752385488
70.1%,70100,630.6728515625,289.2234007942874
70.2%,70150,616.2872924804688,297.6859890881263
70.2%,70200,653.6578369140625,249.62669773398326
70.2%,70250,603.13525390625,296.4755787644266
70.3%,70300,601.4840698242188,279.3218933882733
70.3%,70350,603.7008056640625,289.2267590374999
70.4%,70400,653.193359375,275.27628341659613
70.5%,70450,652.0264892578125,271.54359470006466
70.5%,70500,624.6251220703125,290.1147694351848
70.5%,70550,550.93505859375,333.1017534643587
70.6%,70600,578.2438354492188,306.50995810042235
70.7%,70650,604.234130859375,276.80348933793334
70.7%,70700,630.7429809570312,255.13430078379844
70.8%,70750,578.4036254882812,291.40816244046005
70.8%,70800,620.8873291015625,273.92817173370617
70.8%,70850,637.0482177734375,284.9331401410511
70.9%,70900,644.2495727539062,289.1518617460598
71.0%,70950,647.45361328125,271.5541657557998
71.0%,71000,605.4864501953125,298.3252623043511
71.0%,71050,577.7279052734375,314.28371661733877
71.1%,71100,629.1992797851562,295.94043902953956
71.2%,71150,617.4881591796875,303.4152894945157
71.2%,71200,623.485595703125,299.35486628135743
71.2%,71250,621.129638671875,300.58215872915036
71.3%,71300,584.1793212890625,326.6989940397106
71.3%,71350,622.015869140625,311.4825428714185
71.4%,71400,646.1537475585938,284.6944734574283
71.5%,71450,590.4569702148438,294.3826477294363
71.5%,71500,581.2691650390625,308.48497590362837
71.5%,71550,614.3546142578125,276.0152858481955
71.6%,71600,600.904052734375,294.80459058627105
71.7%,71650,607.60107421875,297.1629449011855
71.7%,71700,624.822998046875,264.25394234436527
71.8%,71750,603.9749755859375,311.65874232912466
71.8%,71800,631.0523071289062,309.03284868080243
71.8%,71850,715.5841674804688,246.2243605281713
71.9%,71900,652.0910034179688,294.72060206571206
72.0%,71950,605.7696533203125,331.30691655416723
72.0%,72000,618.6597290039062,323.93405728948454
72.0%,72050,576.5228271484375,339.76203391700295
72.1%,72100,614.7061767578125,315.5524191329519
72.2%,72150,642.8084716796875,286.9114753823006
72.2%,72200,601.2593994140625,299.4601495782316
72.2%,72250,580.0702514648438,310.8841160841557
72.3%,72300,620.4251708984375,298.64601393116044
72.3%,72350,613.4324340820312,329.23621103418895
72.4%,72400,605.0805053710938,346.6543476733482
72.5%,72450,666.5858154296875,304.92975581417556
72.5%,72500,663.0802001953125,310.49788049923256
72.5%,72550,633.2216186523438,293.9373938931535
72.6%,72600,644.8897705078125,269.45144165225014
72.7%,72650,610.2122802734375,304.9148924554979
72.7%,72700,555.5689697265625,321.2294213207981
72.8%,72750,611.5869140625,298.2557398259635
72.8%,72800,599.3228759765625,326.1015475952847
72.8%,72850,628.3035888671875,321.02783204826693
72.9%,72900,624.236572265625,331.4375847159869
73.0%,72950,612.0595703125,330.8505400166145
73.0%,73000,645.144287109375,315.78704585880905
73.0%,73050,631.4378662109375,312.0998261869621
73.1%,73100,627.9241333007812,305.45423722769874
73.2%,73150,629.2132568359375,305.286152841403
73.2%,73200,614.7140502929688,304.5856577146686
73.2%,73250,644.5108642578125,297.5021810868995
73.3%,73300,641.54345703125,284.33304338552546
73.3%,73350,631.5816650390625,280.8818500636356
73.4%,73400,616.3719482421875,270.7715951195865
73.5%,73450,636.9069213867188,254.21118408384575
73.5%,73500,597.87060546875,260.08640410555466
73.5%,73550,599.6383666992188,279.60550537745826
73.6%,73600,613.960205078125,277.9799916189135
73.7%,73650,644.1040649414062,268.5108758336424
73.7%,73700,598.98583984375,302.88828130085636
73.8%,73750,617.3472290039062,320.5720829719478
73.8%,73800,663.2843627929688,311.54674550681887
73.8%,73850,659.87109375,369.07221636791303
73.9%,73900,675.606201171875,335.0792576232406
74.0%,73950,690.9171142578125,327.80478197546023
74.0%,74000,670.7921142578125,333.3655429546785
74.0%,74050,678.46142578125,325.2940362284646
74.1%,74100,649.3994750976562,317.735954558491
74.2%,74150,623.339599609375,321.1002234705448
74.2%,74200,589.2806396484375,369.05023825519913
74.2%,74250,567.88427734375,359.4360931535101
74.3%,74300,592.6259155273438,336.72099110679005
74.3%,74350,657.0025634765625,309.2918555500783
74.4%,74400,654.6182861328125,287.35873270831354
74.5%,74450,642.046875,306.93532213208016
74.5%,74500,651.4373779296875,309.76513745162185
74.5%,74550,627.939453125,330.5473053632806
74.6%,74600,602.3077392578125,326.80289011151945
74.7%,74650,619.9874267578125,319.45848963495644
74.7%,74700,677.3322143554688,317.0534225097881
74.8%,74750,648.987060546875,330.36677614249857
74.8%,74800,621.687744140625,316.895933895288
74.8%,74850,689.8375244140625,295.7754734567045
74.9%,74900,660.78564453125,331.37109958940493
75.0%,74950,627.426025390625,324.5815657110419
75.0%,75000,618.3875732421875,338.74615993828684
75.0%,75050,621.482177734375,319.86496034594046
75.1%,75100,605.561767578125,330.0414791974958
75.2%,75150,608.3716430664062,335.82241999651126
75.2%,75200,627.2374267578125,331.2591041692539
75.2%,75250,606.1641235351562,325.83148685300006
75.3%,75300,643.2105712890625,291.89567996208376
75.3%,75350,607.5263061523438,299.8480293952446
75.4%,75400,600.3895263671875,296.7462875775522
75.5%,75450,646.7275390625,271.0577732722532
75.5%,75500,577.71875,297.4504153831135
75.5%,75550,586.4271850585938,304.7516277556692
75.6%,75600,607.0376586914062,288.1772195834957
75.7%,75650,640.1387939453125,254.52714821107293
75.7%,75700,596.7327880859375,285.24620026251927
75.8%,75750,583.5216064453125,316.8693841351422
75.8%,75800,662.4765625,258.80593486027675
75.8%,75850,576.55859375,282.7522357311495
75.9%,75900,578.5513916015625,288.143657362934
76.0%,75950,606.9443359375,273.41462274245765
76.0%,76000,587.2201538085938,294.3445016177584
76.0%,76050,602.658203125,301.4441639914496
76.1%,76100,612.1228637695312,297.6615818517181
76.2%,76150,612.8389892578125,308.2531501174913
76.2%,76200,646.7930297851562,301.5371174158556
76.2%,76250,644.6100463867188,292.68722063204336
76.3%,76300,654.3751220703125,290.4133465026045
76.3%,76350,645.6791381835938,280.41503736389853
76.4%,76400,592.3909301757812,342.9761181604681
76.5%,76450,584.6110229492188,314.4644067625438
76.5%,76500,594.585693359375,318.2680283384164
76.5%,76550,636.560546875,299.2022936066115
76.6%,76600,640.5956420898438,306.523972754788
76.7%,76650,608.0762939453125,308.17117508976617
76.7%,76700,598.7539672851562,346.5114650491279
76.8%,76750,617.37451171875,312.7419278776118
76.8%,76800,607.3724365234375,307.55134160583907
76.8%,76850,580.8710327148438,311.33316073271374
76.9%,76900,582.8115234375,312.96352221081855
77.0%,76950,635.4334106445312,311.4567874789226
77.0%,77000,566.35693359375,354.5458240924964
77.0%,77050,609.526611328125,330.97177374811343
77.1%,77100,630.3349609375,286.254622645699
77.2%,77150,615.1304321289062,299.1314796997287
77.2%,77200,627.590087890625,307.5648192409505
77.2%,77250,671.945068359375,281.8465569859533
77.3%,77300,633.2699584960938,291.1316122474679
77.3%,77350,615.4365234375,286.343509398225
77.4%,77400,595.8665161132812,295.92408362756436
77.5%,77450,587.701171875,290.85768116746664
77.5%,77500,586.740478515625,273.0760847204451
77.5%,77550,530.552978515625,301.6225018171016
77.6%,77600,554.5284423828125,302.83969417579215
77.7%,77650,606.292236328125,278.71989875300375
77.7%,77700,560.1990966796875,289.36390141167897
77.8%,77750,535.552734375,305.8911249428705
77.8%,77800,561.9898071289062,284.4677654053112
77.8%,77850,582.7625122070312,280.4650123741009
77.9%,77900,567.813232421875,288.7280218252378
78.0%,77950,661.6246948242188,263.67915686299847
78.0%,78000,630.2037353515625,299.4265497748563
78.0%,78050,610.1397094726562,326.23473313086936
78.1%,78100,625.3929443359375,323.044031516758
78.2%,78150,639.7830200195312,306.5297611374735
78.2%,78200,648.1510009765625,280.3518788187023
78.2%,78250,609.98974609375,293.3537180835017
78.3%,78300,586.7070922851562,309.3788520932068
78.3%,78350,652.10693359375,308.9987431576265
78.4%,78400,663.3677368164062,283.5167605762048
78.5%,78450,652.4271240234375,288.8297630886202
78.5%,78500,659.7457275390625,313.67054696602696
78.5%,78550,640.31591796875,301.9149880991356
78.6%,78600,602.6734619140625,302.96203899788793
78.7%,78650,604.4021606445312,283.3865232645914
78.7%,78700,630.7903442382812,261.09748213375616
78.8%,78750,612.9825439453125,280.67015696558985
78.8%,78800,618.93994140625,259.3102576081757
78.8%,78850,552.1455078125,315.225935706367
78.9%,78900,574.6090698242188,306.3002597878129
79.0%,78950,595.53759765625,312.3317365387634
79.0%,79000,612.7459716796875,306.67440639618144
79.0%,79050,598.200927734375,307.4061245813763
79.1%,79100,599.2056884765625,287.6092740635114
79.2%,79150,577.1106567382812,291.6939116401297
79.2%,79200,602.6610107421875,285.0582795034942
79.2%,79250,623.2953491210938,260.9607303220048
79.3%,79300,570.3251953125,294.4348797513421
79.3%,79350,648.2695922851562,272.6758149843384
79.4%,79400,567.351318359375,311.77437398249475
79.5%,79450,594.3218383789062,308.47327411112866
79.5%,79500,562.062255859375,302.77982838224875
79.5%,79550,629.0239868164062,274.0291955899304
79.6%,79600,607.4825439453125,288.2628645161552
79.7%,79650,587.672119140625,307.60409983113914
79.7%,79700,594.226318359375,282.578814745351
79.8%,79750,568.7926025390625,282.9389366329099
79.8%,79800,588.3710327148438,293.0790094057009
79.8%,79850,629.1702270507812,259.4933426329631
79.9%,79900,631.454345703125,283.409765234425
80.0%,79950,588.716552734375,313.6666263734319
80.0%,80000,617.0646362304688,278.849171504855
80.0%,80050,606.14013671875,301.29165642255407
80.1%,80100,650.69384765625,263.0611228109526
80.2%,80150,632.426025390625,264.94487311577643
80.2%,80200,631.9066772460938,277.45441524857375
80.2%,80250,622.8447875976562,307.4218878113451
80.3%,80300,595.6310424804688,325.88892249440244
80.3%,80350,645.2079467773438,292.42909345183165
80.4%,80400,574.9942626953125,321.3953002144082
80.5%,80450,635.4493408203125,274.9089924473399
80.5%,80500,598.4147338867188,303.1354836102933
80.5%,80550,638.014404296875,289.3992224436398
80.6%,80600,628.5501708984375,311.17363119168607
80.7%,80650,683.8654174804688,299.07825389883675
80.7%,80700,654.8480834960938,316.05926258565
80.8%,80750,635.7579345703125,312.28571934926373
80.8%,80800,634.6890258789062,302.3411424313278
80.8%,80850,610.3413696289062,307.3446153531643
80.9%,80900,644.1905517578125,290.10800666231927
81.0%,80950,592.0062866210938,335.48387638054817
81.0%,81000,598.3719482421875,310.0944202457533
81.0%,81050,588.8021240234375,292.1823693378251
81.1%,81100,614.3851318359375,286.84376613665034
81.2%,81150,573.201171875,305.94813341180566
81.2%,81200,605.9078369140625,305.6296806606524
81.2%,81250,580.604248046875,341.1469298506375
81.3%,81300,584.3621826171875,325.53020571654895
81.3%,81350,610.1625366210938,300.48297617476055
81.4%,81400,653.3671264648438,275.97884076020716
81.5%,81450,637.72412109375,254.35888879746483
81.5%,81500,601.6689453125,294.2733298527232
81.5%,81550,608.1135864257812,307.63397557027076
81.6%,81600,642.0946044921875,277.47683837605683
81.7%,81650,624.27392578125,300.85673914613227
81.7%,81700,598.3477783203125,327.2230214284703
81.8%,81750,622.77294921875,318.646539881075
81.8%,81800,623.8327026367188,318.36436817714326
81.8%,81850,620.941650390625,320.13437882535834
81.9%,81900,629.9420776367188,318.8373809529917
82.0%,81950,580.5197143554688,350.3308682336638
82.0%,82000,601.5125732421875,320.4982802606161
82.0%,82050,608.0927734375,291.4936578259519
82.1%,82100,602.6341552734375,291.23253792085876
82.2%,82150,558.5745849609375,323.1185781048352
82.2%,82200,604.4754638671875,286.84134550689333
82.2%,82250,568.071044921875,331.30618244916667
82.3%,82300,586.186279296875,300.2591047476344
82.3%,82350,531.3187255859375,311.58936403397945
82.4%,82400,578.1316528320312,282.07869659738435
82.5%,82450,557.734619140625,290.0905838685689
82.5%,82500,584.152587890625,262.20585519074604
82.5%,82550,578.19091796875,262.31057711367856
82.6%,82600,540.5501708984375,294.9552814640477
82.7%,82650,582.2349853515625,275.771970375629
82.7%,82700,505.8242492675781,315.45799406883305
82.8%,82750,566.7577514648438,270.9385636334244
82.8%,82800,586.2674560546875,266.897613747604
82.8%,82850,582.8818359375,282.0578056629621
82.9%,82900,578.240478515625,269.81613351672326
83.0%,82950,562.5169067382812,287.13282046800566
83.0%,83000,598.9888916015625,261.6839773484988
83.0%,83050,562.2860107421875,304.1638187799672
83.1%,83100,591.2786865234375,269.66825833029435
83.2%,83150,614.6373901367188,283.95876649078116
83.2%,83200,606.88671875,269.85702847103954
83.2%,83250,563.8884887695312,303.04507756829685
83.3%,83300,579.6514282226562,309.7907787315267
83.3%,83350,591.4287109375,289.33920203837
83.4%,83400,602.01953125,306.2928756370517
83.5%,83450,558.2109375,315.0516266545801
83.5%,83500,551.2791137695312,340.30416603675747
83.5%,83550,599.8378295898438,310.61488341724026
83.6%,83600,601.2962646484375,322.3299694077204
83.7%,83650,643.9517822265625,289.6120125587296
83.7%,83700,632.6002197265625,307.8420144317778
83.8%,83750,683.2235107421875,268.2500206624264
83.8%,83800,630.5071411132812,342.88179835463006
83.8%,83850,664.215576171875,286.971767092506
83.9%,83900,626.7196655273438,296.1884791740892
84.0%,83950,652.3656616210938,304.79663235877416
84.0%,84000,588.2547607421875,309.10339945731823
84.0%,84050,591.2989501953125,330.24301945795236
84.1%,84100,622.4403076171875,319.2766491494905
84.2%,84150,629.377685546875,320.7787020581313
84.2%,84200,641.370849609375,328.0351046864159
84.2%,84250,625.68994140625,359.65905970145934
84.3%,84300,620.932373046875,371.42670352179476
84.3%,84350,662.21044921875,360.87856362853984
84.4%,84400,670.55517578125,335.43296467499164
84.5%,84450,638.534423828125,338.2447522293643
84.5%,84500,659.89306640625,323.9802885025993
84.5%,84550,659.5789794921875,282.23916757578945
84.6%,84600,596.7862548828125,308.34795275260433
84.7%,84650,611.2760009765625,300.2148408995971
84.7%,84700,603.2697143554688,319.4189033790409
84.8%,84750,574.1422729492188,333.832436530006
84.8%,84800,598.4312744140625,309.60209750192524
84.8%,84850,612.0026245117188,293.01832869957406
84.9%,84900,592.1536865234375,309.2811027369549
85.0%,84950,572.8458862304688,289.9921887203942
85.0%,85000,550.5952758789062,285.63256913414926
85.0%,85050,567.672607421875,319.44719385792285
85.1%,85100,581.432861328125,313.0637897769277
85.2%,85150,565.5037231445312,325.79917070059514
85.2%,85200,584.27685546875,292.2501398302333
85.2%,85250,599.9417724609375,260.72959264912686
85.3%,85300,562.084716796875,301.5746390386279
85.3%,85350,570.7843017578125,306.31291535755156
85.4%,85400,588.0616455078125,296.6095589716947
85.5%,85450,594.6235961914062,293.4272244061301
85.5%,85500,609.2799072265625,298.08849963814924
85.5%,85550,597.65283203125,314.7688746092806
85.6%,85600,611.174560546875,286.21066106701386
85.7%,85650,618.5810546875,277.5000292789224
85.7%,85700,582.4957275390625,288.12564634361263
85.8%,85750,588.3834838867188,300.28065614159783
85.8%,85800,560.7578125,324.03721062334023
85.8%,85850,580.9523315429688,317.04764250402695
85.9%,85900,631.0806884765625,282.90353924185695
86.0%,85950,608.2918701171875,300.6157454964205
86.0%,86000,586.4032592773438,323.3719442050465
86.0%,86050,589.51025390625,317.59958948941255
86.1%,86100,585.7594604492188,321.4788224715201
86.2%,86150,628.6777954101562,298.8315637885821
86.2%,86200,583.8612670898438,332.3908845343206
86.2%,86250,626.980224609375,302.57001991348477
86.3%,86300,604.821533203125,313.8540193755581
86.3%,86350,617.8330078125,295.55513957590836
86.4%,86400,667.1509399414062,287.254451363994
86.5%,86450,623.6181030273438,289.764947390769
86.5%,86500,565.5713500976562,321.03656800951916
86.5%,86550,632.7249755859375,254.93127423401256
86.6%,86600,615.2894287109375,282.82070130158536
86.7%,86650,610.4713134765625,285.2418908243527
86.7%,86700,597.009033203125,287.50942786256206
86.8%,86750,604.978759765625,280.5356449116382
86.8%,86800,586.39404296875,310.7026019720349
86.8%,86850,578.7530517578125,311.7767861379834
86.9%,86900,576.5768432617188,300.58940563276786
87.0%,86950,568.1176147460938,315.44191604946406
87.0%,87000,624.8701171875,257.9612364936064
87.0%,87050,592.0328979492188,278.9922071139555
87.1%,87100,567.6680908203125,289.36999954587543
87.2%,87150,640.7557983398438,253.52259786646414
87.2%,87200,565.929931640625,282.3804398221552
87.2%,87250,572.861083984375,269.211604852851
87.3%,87300,561.95849609375,275.63871794599663
87.3%,87350,594.211181640625,287.2025791122849
87.4%,87400,574.1233520507812,282.7700598111775
87.5%,87450,627.72802734375,234.20308380618596
87.5%,87500,561.919677734375,288.01168589464186
87.5%,87550,604.504150390625,322.51647697748206
87.6%,87600,606.9307250976562,321.29406776583477
87.7%,87650,635.891845703125,280.21628298950105
87.7%,87700,573.93017578125,348.7307161188357
87.8%,87750,595.4442749023438,350.4302033648888
87.8%,87800,611.6334228515625,333.71605038405244
87.8%,87850,611.7730102539062,325.77917146589573
87.9%,87900,608.6053466796875,300.68555950764227
88.0%,87950,577.1727294921875,332.2169636880345
88.0%,88000,603.443115234375,316.85662388318633
88.0%,88050,645.5770263671875,277.8893934077132
88.1%,88100,607.8114013671875,305.33815688882106
88.2%,88150,576.51904296875,302.4316708294916
88.2%,88200,571.141845703125,301.8189211111815
88.2%,88250,604.7064208984375,267.791894277797
88.3%,88300,600.0491943359375,286.49209684307726
88.3%,88350,531.369140625,321.2471577284857
88.4%,88400,576.324462890625,301.0398263931649
88.5%,88450,565.7073974609375,286.308573410583
88.5%,88500,570.0223388671875,301.5665894851133
88.5%,88550,555.845947265625,320.34368592546844
88.6%,88600,589.7760620117188,331.2683332142459
88.7%,88650,570.5765380859375,330.96180830386766
88.7%,88700,591.8306274414062,315.1452751236767
88.8%,88750,579.0950927734375,315.9474882978985
88.8%,88800,586.4911499023438,317.6159393134389
88.8%,88850,576.6454467773438,315.02617600637603
88.9%,88900,606.3181762695312,272.9504928814095
89.0%,88950,579.87353515625,282.4879560160721
89.0%,89000,600.1552734375,260.17642504372577
89.0%,89050,571.245849609375,269.878744282478
89.1%,89100,560.111328125,271.34095637178154
89.2%,89150,565.9492797851562,283.8261314859416
89.2%,89200,550.4067993164062,317.1345773443472
89.2%,89250,609.999755859375,301.84417554706897
89.3%,89300,580.6719970703125,322.3131240663524
89.3%,89350,620.4374389648438,309.90350705521246
89.4%,89400,620.6940307617188,316.5910666238123
89.5%,89450,629.3262939453125,313.9218120290781
89.5%,89500,627.4818115234375,301.1525783254556
89.5%,89550,618.15576171875,343.6393233766638
89.6%,89600,621.1624145507812,296.25552877228785
89.7%,89650,620.79736328125,290.8559358855603
89.7%,89700,591.466796875,312.01821446899083
89.8%,89750,585.175048828125,320.60990010465974
89.8%,89800,662.1011352539062,264.83541798791913
89.8%,89850,602.951416015625,321.5201311068149
89.9%,89900,675.3592529296875,296.79532962414544
90.0%,89950,682.369873046875,297.4315725213406
90.0%,90000,639.9805908203125,353.83423646182405
90.0%,90050,671.42529296875,324.7279383203444
90.1%,90100,627.7454833984375,354.4083519799343
90.2%,90150,694.5489501953125,326.33692090485266
90.2%,90200,707.50830078125,336.9267235404743
90.2%,90250,667.3173828125,358.558139050762
90.3%,90300,627.80908203125,349.7939264639417
90.3%,90350,646.0263671875,331.7295343428068
90.4%,90400,633.1009521484375,324.57011754119344
90.5%,90450,695.3594970703125,296.3290925879266
90.5%,90500,634.5928344726562,323.51736406388983
90.5%,90550,634.0364990234375,319.5379319445569
90.6%,90600,609.359130859375,339.4610367532184
90.7%,90650,618.511962890625,309.383406315716
90.7%,90700,667.91943359375,287.85593225557756
90.8%,90750,646.9361572265625,280.77037576898516
90.8%,90800,626.6966552734375,297.5757877552667
90.8%,90850,623.9329833984375,309.5931848331752
90.9%,90900,651.7164306640625,290.74299285151693
91.0%,90950,644.8046875,324.42987513895974
91.0%,91000,630.67333984375,318.7050034025595
91.0%,91050,632.093994140625,300.73662098839156
91.1%,91100,622.8651123046875,300.31294232802964
91.2%,91150,610.91015625,327.7205139800642
91.2%,91200,660.4231567382812,301.1479982620951
91.2%,91250,644.496337890625,309.5318056046406
91.3%,91300,599.2772827148438,327.132438206924
91.3%,91350,605.487548828125,311.10437482799466
91.4%,91400,624.3472900390625,315.818298923247
91.5%,91450,603.5594482421875,333.9876279043638
91.5%,91500,624.3214111328125,344.55148143678235
91.5%,91550,638.4473876953125,306.53752237650906
91.6%,91600,625.5482177734375,311.98669097338046
91.7%,91650,623.919921875,330.8493480930986
91.7%,91700,665.29833984375,293.2884871406387
91.8%,91750,668.592529296875,306.7545304103339
91.8%,91800,650.2237548828125,315.25122608088657
91.8%,91850,685.3477783203125,287.462231622967
91.9%,91900,659.97607421875,307.47656361756276
92.0%,91950,637.2100830078125,313.23754033509096
92.0%,92000,661.4341430664062,308.11054142082935
92.0%,92050,664.9308471679688,298.2588289319796
92.1%,92100,621.9520874023438,320.0537604393239
92.2%,92150,598.2894287109375,339.1890739077239
92.2%,92200,657.055908203125,315.923898948402
92.2%,92250,661.1832275390625,312.8954522747034
92.3%,92300,638.2001342773438,307.5376357642142
92.3%,92350,593.52001953125,329.6639252038258
92.4%,92400,619.2825927734375,339.7028323180795
92.5%,92450,595.993896484375,359.03831020045965
92.5%,92500,669.4507446289062,285.5607429262367
92.5%,92550,634.9886474609375,329.44802053307836
92.6%,92600,667.1934814453125,295.79858194781013
92.7%,92650,685.5402221679688,298.25467559120335
92.7%,92700,631.0126342773438,306.82224487656026
92.8%,92750,604.9659423828125,330.01382046698706
92.8%,92800,681.4754638671875,314.93866900425735
92.8%,92850,618.4605712890625,349.2233889686276
92.9%,92900,646.2402954101562,305.15832557971265
93.0%,92950,611.400634765625,291.52336678734815
93.0%,93000,638.0255126953125,313.343845755412
93.0%,93050,631.2537841796875,306.8961762020831
93.1%,93100,611.585693359375,341.27533218378073
93.2%,93150,656.1304931640625,310.5424276785325
93.2%,93200,619.3045043945312,328.74759821437755
93.2%,93250,641.4590454101562,308.72961364876005
93.3%,93300,646.6824951171875,286.9518814100025
93.3%,93350,643.0491333007812,285.95150115818507
93.4%,93400,649.88037109375,283.2282374047906
93.5%,93450,632.2846069335938,279.0591154885716
93.5%,93500,637.1068115234375,261.5309570070243
93.5%,93550,602.7474365234375,293.5839319717833
93.6%,93600,601.571044921875,306.04839075345325
93.7%,93650,630.4873657226562,276.80745756511766
93.7%,93700,623.4383544921875,270.09266768728077
93.8%,93750,563.2276611328125,300.71984152629256
93.8%,93800,591.982666015625,311.1737439641293
93.8%,93850,624.54150390625,287.8727286582124
93.9%,93900,619.0789794921875,299.58945673121195
94.0%,93950,603.2622680664062,318.63861451993034
94.0%,94000,594.578857421875,333.36867205594103
94.0%,94050,666.5355834960938,286.59031469902294
94.1%,94100,627.4060668945312,314.0895035293565
94.2%,94150,610.876220703125,324.7545257019746
94.2%,94200,617.12109375,312.3097180505945
94.2%,94250,593.5467529296875,338.03342646651663
94.3%,94300,643.7072143554688,280.63901403997113
94.3%,94350,620.22607421875,274.6022498336071
94.4%,94400,576.2492065429688,281.9271264185862
94.5%,94450,642.8660278320312,266.51799399399965
94.5%,94500,624.084716796875,287.9945611864487
94.5%,94550,595.963623046875,297.7104294755256
94.6%,94600,604.634033203125,284.89979510178637
94.7%,94650,591.6846923828125,314.2098573477665
94.7%,94700,527.4599609375,302.12517921945437
94.8%,94750,609.826904296875,271.1911873997272
94.8%,94800,607.91162109375,267.3177193603854
94.8%,94850,626.8959350585938,275.48572803587996
94.9%,94900,635.4532470703125,284.0725000373824
95.0%,94950,584.7144165039062,340.85452625906083
95.0%,95000,618.1090698242188,290.12603067507433
95.0%,95050,623.1763916015625,288.02312635163935
95.1%,95100,627.2588500976562,314.3386507293911
95.2%,95150,632.7711791992188,337.7469877050945
95.2%,95200,631.7474365234375,331.05053110747036
95.2%,95250,661.9603271484375,289.61269152431277
95.3%,95300,609.6019287109375,321.4499923304255
95.3%,95350,639.8359375,299.2353875141666
95.4%,95400,633.5460815429688,317.4515572449873
95.5%,95450,673.98046875,276.7823132260449
95.5%,95500,667.99365234375,313.949141844628
95.5%,95550,622.47021484375,328.0576900621347
95.6%,95600,651.1031494140625,318.84766544244064
95.7%,95650,623.1469116210938,297.9789316831761
95.7%,95700,593.7721557617188,338.23108761495513
95.8%,95750,615.16259765625,339.0773317635191
95.8%,95800,629.6337890625,320.31202187168225
95.8%,95850,578.7344970703125,368.43924125694946
95.9%,95900,637.2869262695312,319.6769226060078
96.0%,95950,641.2205810546875,300.4496677315338
96.0%,96000,565.7361450195312,354.0643354614289
96.0%,96050,615.7838134765625,296.5267079846503
96.1%,96100,626.1796875,311.47274890142637
96.2%,96150,631.8350830078125,300.9401054500364
96.2%,96200,621.1912841796875,294.57200654446865
96.2%,96250,607.0189208984375,318.0113567705658
96.3%,96300,624.3035278320312,301.77336583531576
96.3%,96350,584.204345703125,309.97178431687047
96.4%,96400,571.3834228515625,340.0451457686698
96.5%,96450,549.305419921875,339.08680128971235
96.5%,96500,607.05322265625,309.11068031101513
96.5%,96550,657.58642578125,323.2142413315718
96.6%,96600,584.4371337890625,352.5438603867679
96.7%,96650,629.5732421875,314.6307815388692
96.7%,96700,586.07275390625,341.2919067966102
96.8%,96750,635.2633056640625,282.7946978377174
96.8%,96800,602.0771484375,312.03335022505803
96.8%,96850,633.66748046875,280.9598969259302
96.9%,96900,659.0224609375,262.5468548910448
97.0%,96950,594.480224609375,297.5089128710125
97.0%,97000,611.797119140625,293.35159758686115
97.0%,97050,635.641845703125,273.26249842785006
97.1%,97100,576.6082763671875,316.38834541371733
97.2%,97150,656.2799072265625,303.2144056118167
97.2%,97200,600.2672119140625,335.1047510401637
97.2%,97250,638.3479614257812,339.5030513890795
97.3%,97300,609.046142578125,343.8802880845155
97.3%,97350,630.8612670898438,314.15353009266255
97.4%,97400,654.8572998046875,297.9520241648889
97.5%,97450,613.6815795898438,334.13856131623487
97.5%,97500,658.3848266601562,313.2782367241644
97.5%,97550,621.5326538085938,332.46075002588924
97.6%,97600,621.8653564453125,337.7449057060351
97.7%,97650,692.3553466796875,313.3322121277669
97.7%,97700,682.3917846679688,300.90545789505313
97.8%,97750,585.7415771484375,356.5225529604999
97.8%,97800,625.5972290039062,324.34713815916143
97.8%,97850,626.3065185546875,318.0759028094404
97.9%,97900,587.8660278320312,341.73924716911966
98.0%,97950,587.1691284179688,323.24472557717894
98.0%,98000,609.96484375,337.7900518980962
98.0%,98050,613.8707275390625,315.49801930918585
98.1%,98100,651.6664428710938,298.38458833633763
98.2%,98150,647.0726318359375,311.22579467002885
98.2%,98200,632.5471801757812,319.335491348758
98.2%,98250,634.8218383789062,316.53027741304646
98.3%,98300,628.46435546875,317.61907415800175
98.3%,98350,611.5978393554688,336.4561639179715
98.4%,98400,651.634521484375,308.72101080219556
98.5%,98450,613.47802734375,322.88202518777695
98.5%,98500,612.5381469726562,317.5486833102157
98.5%,98550,636.0371704101562,286.866337315136
98.6%,98600,598.6365966796875,326.8284564631567
98.7%,98650,640.786865234375,296.5185385072367
98.7%,98700,604.0523681640625,295.80178598667453
98.8%,98750,592.0869140625,305.8662372207793
98.8%,98800,586.9751586914062,318.94333963105356
98.8%,98850,643.3944091796875,309.1764490188813
98.9%,98900,601.50341796875,307.3700180267415
99.0%,98950,626.2249755859375,293.19616799588533
99.0%,99000,685.427978515625,266.6758676509851
99.0%,99050,647.6038818359375,278.02265976688255
99.1%,99100,562.8553466796875,309.4317291916232
99.2%,99150,637.5418701171875,260.7398183200859
99.2%,99200,600.756591796875,315.51524238556624
99.2%,99250,661.6494140625,265.0402019442825
99.3%,99300,631.9802856445312,290.42987560907943
99.3%,99350,610.80224609375,289.43722504748314
99.4%,99400,580.2554931640625,317.27910826777276
99.5%,99450,594.3511962890625,284.93299495703167
99.5%,99500,583.722412109375,300.4762288195962
99.5%,99550,610.9038696289062,297.4458497853491
99.6%,99600,596.6146240234375,292.0238807516556
99.7%,99650,610.67236328125,278.47238572128197
99.7%,99700,611.3616943359375,290.1594412975755
99.8%,99750,664.64453125,253.0439470011801
99.8%,99800,642.1817016601562,279.90353802680727
99.8%,99850,640.6876220703125,263.94716317326544
99.9%,99900,591.944580078125,290.34095878873586
100.0%,99950,594.551025390625,296.1853763837298
100.0%,100000,571.3403930664062,304.711301699458
